Car Name,Price,Dealer Name,Transmission Type,Drivetrain,Fuel Type,Rating,Reviews,Location,Mileage
2018 Ford F-150 Raptor,"$40,662",Al Packer Ford,Automatic,All-Wheel Drive,Diesel,4.2,"2,172 reviews","Baltimore, MD (15 mi.)","90,877 mi."
2024 Mercedes-Benz Sprinter 2500 High Roof,"$64,777",Mercedes-Benz of Hunt Valley,Automatic,All-Wheel Drive,Diesel,4.8,801 reviews,"Cockeysville, MD (16 mi.)",158 mi.
2014 Audi Q5 3.0 TDI Premium Plus,"$10,859",Audi Hunt Valley,Automatic,All-Wheel Drive,Diesel,4.7,698 reviews,"Cockeysville, MD (16 mi.)","152,133 mi."
2024 Mercedes-Benz Sprinter 3500XD High Roof,"$77,995",Trust Auto,Automatic,All-Wheel Drive,Diesel,4.6,492 reviews,"Sykesville, MD (25 mi.)",756 mi.
2015 Mercedes-Benz M-Class ML 250 BlueTEC 4MATIC,"$19,995",Virginia Auto Trader Co.,Automatic,All-Wheel Drive,Diesel,2.4,60 reviews,"Arlington, VA (33 mi.)","82,873 mi."
2014 Audi A7 3.0 TDI Premium Plus,"$19,997",Audi Tysons Corner,Automatic,All-Wheel Drive,Diesel,4.8,"1,429 reviews","Vienna, VA (37 mi.)","81,556 mi."
2014 Audi A8 L 3.0 TDI,"$22,444",Ourisman Volvo Audi of Frederick,Automatic,All-Wheel Drive,Diesel,3.5,142 reviews,"Frederick, MD (41 mi.)","89,346 mi."
2015 Audi Q7 3.0 TDI Premium Plus,"$15,997",Lindsay Volkswagen of Dulles,Automatic,All-Wheel Drive,Diesel,4.8,"2,066 reviews","Sterling, VA (44 mi.)","108,097 mi."
2012 Mercedes-Benz S-Class 4MATIC,"$12,999",Royal Auto Club,Automatic,All-Wheel Drive,Diesel,2.1,35 reviews,"Sterling, VA (48 mi.)","120,636 mi."
2023 Cadillac Escalade ESV Premium Luxury Platinum,"$83,076",Country Buick GMC of Leesburg,Automatic,All-Wheel Drive,Diesel,0,29 reviews,"Leesburg, VA (48 mi.)","51,259 mi."
2014 Mercedes-Benz M-Class ML 350 BlueTEC 4MATIC,"$8,500",Mercedes-Benz of Chantilly,Automatic,All-Wheel Drive,Diesel,4.8,"1,030 reviews","Chantilly, VA (49 mi.)","146,845 mi."
2015 Mercedes-Benz M-Class ML 250 BlueTEC 4MATIC,"$19,495",Panda Autos,Automatic,All-Wheel Drive,Diesel,0,4 reviews,"Vienna, VA (49 mi.)","49,145 mi."
2012 Audi Q7 3.0 TDI Premium,"$6,599",Woodbridge Public Auto Auction,Automatic,All-Wheel Drive,Diesel,2.8,92 reviews,"Woodbridge, VA (51 mi.)","184,373 mi."
2014 Mercedes-Benz M-Class 4MATIC,"$12,888",Perfect Auto,Automatic,All-Wheel Drive,Diesel,0,227 reviews,"Manassas, VA (55 mi.)","121,946 mi."
2012 Volkswagen Touareg TDI Lux,"$6,892",Purcellville Motors Inc,Automatic,All-Wheel Drive,Diesel,0,3 reviews,"Purcellville, VA (56 mi.)","282,534 mi."
2016 BMW 328d xDrive,"$26,900",Sauder Motors Inc.,Automatic,All-Wheel Drive,Diesel,0,37 reviews,"Strasburg, PA (58 mi.)","56,853 mi."
2014 Audi A8 L 3.0 TDI,"$30,990","Autohaus Lancaster, Inc.",Automatic,All-Wheel Drive,Diesel,4.9,476 reviews,"Lancaster, PA (61 mi.)","70,025 mi."
2014 BMW 535d 535d xDrive AWD 4dr Sedan,"$11,925",Cars Trend LLC,Automatic,All-Wheel Drive,Diesel,3.7,22 reviews,"Harrisburg, PA (71 mi.)","113,410 mi."
2015 Mercedes-Benz GL-Class 4MATIC,"$17,997",Faulkner INFINITI of Mechanicsburg,Automatic,All-Wheel Drive,Diesel,4.7,57 reviews,"Mechanicsburg, PA (72 mi.)","118,620 mi."
2015 Mercedes-Benz GL-Class GL 350,"$16,990",PA Auto Select,Automatic,All-Wheel Drive,Diesel,0,90 reviews,"Downingtown, PA (75 mi.)","116,000 mi."
2014 BMW X5 xDrive35d,"$17,990",I-Deal Cars LLC,Automatic,All-Wheel Drive,Diesel,4,57 reviews,"Harrisburg, PA (75 mi.)","87,072 mi."
2018 Ford F-150 Raptor,"$40,662",Al Packer Ford,Automatic,All-Wheel Drive,Diesel,4.2,"2,172 reviews","Baltimore, MD (15 mi.)","90,877 mi."
2014 Audi A6 3.0 TDI Premium Plus,"$17,693","Criswell in Annapolis, MD",Automatic,All-Wheel Drive,Diesel,0,284 reviews,"Annapolis, MD (20 mi.)","54,806 mi."
2017 Jaguar F-PACE 20d Premium,"$15,495",Auto Nest,Automatic,All-Wheel Drive,Diesel,0,1 review,"Rockville, MD (24 mi.)","93,101 mi."
2014 Mercedes-Benz E-Class 4MATIC,"$17,388",Fitzgerald Hyundai Rockville,Automatic,All-Wheel Drive,Diesel,3.1,499 reviews,"Rockville, MD (27 mi.)","41,463 mi."
2014 Mercedes-Benz GLK-Class GLK 250 BlueTEC 4MATIC,"$11,088",Fitzgerald Gaithersburg Hyundai,Automatic,All-Wheel Drive,Diesel,4.5,74 reviews,"Gaithersburg, MD (30 mi.)","140,424 mi."
2015 Mercedes-Benz GL-Class 4MATIC,"$16,500",Ron's Automotive,Automatic,All-Wheel Drive,Diesel,2.8,99 reviews,"Manchester, MD (33 mi.)","106,269 mi."
2015 Mercedes-Benz GL-Class GL 350 BlueTEC 4MATIC,"$20,995",Virginia Auto Trader Co.,Automatic,All-Wheel Drive,Diesel,2.4,60 reviews,"Arlington, VA (33 mi.)","63,443 mi."
2014 Audi A6 3.0 TDI Premium Plus,"$11,600",Audi Tysons Corner,Automatic,All-Wheel Drive,Diesel,4.8,"1,429 reviews","Vienna, VA (37 mi.)","149,208 mi."
2014 Audi A6 3.0 TDI Premium Plus,"$13,430",Audi Tysons Corner,Automatic,All-Wheel Drive,Diesel,4.8,"1,429 reviews","Vienna, VA (37 mi.)","97,688 mi."
2015 Mercedes-Benz CLA-Class 4MATIC,"$14,880",Sheehy Honda,Automatic,All-Wheel Drive,Diesel,4.8,"1,487 reviews","Alexandria, VA (40 mi.)","106,320 mi."
2015 Audi Q7 3.0 TDI Premium Plus,"$13,995",Dealer Network Trade,Automatic,All-Wheel Drive,Diesel,4.4,10 reviews,"Springfield, VA (45 mi.)","121,312 mi."
2011 Mercedes-Benz M-Class 4MATIC,"$10,050",Country Buick GMC of Leesburg,Automatic,All-Wheel Drive,Diesel,0,29 reviews,"Leesburg, VA (48 mi.)","110,610 mi."
2014 Audi A6 3.0 TDI Premium Plus,"$13,995",Panda Autos,Automatic,All-Wheel Drive,Diesel,0,4 reviews,"Vienna, VA (49 mi.)","116,006 mi."
2012 Mercedes-Benz GL-Class 4MATIC,"$5,950",Woodbridge Public Auto Auction,Automatic,All-Wheel Drive,Diesel,2.8,92 reviews,"Woodbridge, VA (51 mi.)","102,022 mi."
2019 Mazda CX-5 Signature,"$19,888",Perfect Auto,Automatic,All-Wheel Drive,Diesel,0,227 reviews,"Manassas, VA (55 mi.)","40,108 mi."
2018 Jaguar XE 20d Premium,"$18,700",Lease Return Center,Automatic,All-Wheel Drive,Diesel,2.3,339 reviews,"Triangle, VA (60 mi.)","59,934 mi."
2012 Mercedes-Benz S-Class 4MATIC,"$11,997",MAC Cars,Automatic,All-Wheel Drive,Diesel,0,29 reviews,"New Castle, DE (68 mi.)","155,753 mi."
2012 Volkswagen Touareg TDI,"$9,295",Sheehy Ford of Warrenton,Automatic,All-Wheel Drive,Diesel,4.5,619 reviews,"Warrenton, VA (69 mi.)","162,308 mi."
2015 BMW X5 xDrive35d,"$16,990",I-Deal Cars LLC CampHill,Automatic,All-Wheel Drive,Diesel,4.5,27 reviews,"Camp Hill, PA (70 mi.)","125,001 mi."
2014 BMW 328d 328d xDrive AWD 4dr Sedan,"$14,990",I-Deal Cars LLC CampHill,Automatic,All-Wheel Drive,Diesel,4.5,27 reviews,"Camp Hill, PA (70 mi.)","107,415 mi."
