Car Name,Price,Dealer Name,Transmission Type,Drivetrain,Fuel Type,Rating,Reviews,Location,Mileage
2020 Ford F-150 XL,"$24,987",Al Packer Ford,Automatic,Front-Wheel Drive,Hybrid,4.2,"2,172 reviews","Baltimore, MD (15 mi.)","118,688 mi."
2023 Kia Niro Plug-In Hybrid EX,"$23,500",Heritage Toyota Catonsville,Automatic,Front-Wheel Drive,Hybrid,4.3,"1,794 reviews","Baltimore, MD (6 mi.)","60,091 mi."
2018 Toyota Camry Hybrid XLE,"$19,000",Ourisman Kia of Catonsville,Automatic,Front-Wheel Drive,Hybrid,0,1 review,"Woodlawn, MD (6 mi.)","87,601 mi."
2016 Toyota Avalon Hybrid Limited,"$14,990",Jim Coleman Honda,Automatic,Front-Wheel Drive,Hybrid,4.8,"2,594 reviews","Clarkesville, MD (15 mi.)","145,962 mi."
2021 Toyota Avalon Hybrid XSE,"$33,500",Bill Page Toyota,Automatic,Front-Wheel Drive,Hybrid,4.7,444 reviews,"Falls Church, VA (37 mi.)","33,564 mi."
2009 Ford Escape Hybrid Limited,"$7,991",Auto Deal Makers,Automatic,Front-Wheel Drive,Hybrid,N/A,N/A,"Chantilly, VA (49 mi.)","90,726 mi."
2012 Lincoln MKZ Hybrid Base,"$6,322",Auto Deal Makers,Automatic,Front-Wheel Drive,Hybrid,N/A,N/A,"Chantilly, VA (49 mi.)","134,088 mi."
2016 Chevrolet Malibu Hybrid Base,"$11,922",Precise Automotive Group,Automatic,Front-Wheel Drive,Hybrid,4.5,128 reviews,"Chantilly, VA (49 mi.)","65,812 mi."
2019 Ford Fusion Hybrid SE,"$21,572",Thornton Automotive Dover,Automatic,Front-Wheel Drive,Hybrid,4.9,821 reviews,"Dover, PA (53 mi.)","27,263 mi."
2018 Chevrolet Malibu Hybrid,"$14,558",Sheehy Volkswagen of Hagerstown,Automatic,Front-Wheel Drive,Hybrid,0,2 reviews,"Hagerstown, MD (59 mi.)","81,745 mi."
2019 Kia Niro LX,"$15,295","Lancaster County Motors, Inc.",Automatic,Front-Wheel Drive,Hybrid,4.8,908 reviews,"East Petersburg, PA (62 mi.)","63,135 mi."
2019 Toyota Avalon Hybrid XLE,"$25,997",MAC Cars,Automatic,Front-Wheel Drive,Hybrid,0,29 reviews,"New Castle, DE (68 mi.)","45,067 mi."
2008 Toyota Camry Hybrid Base,"$9,875",Keystone Quality Motors,Automatic,Front-Wheel Drive,Hybrid,0,9 reviews,"New Holland, PA (68 mi.)","116,430 mi."
2020 Lincoln MKZ Hybrid Reserve,"$21,400",Kyner's Auto Sales Inc.,Automatic,Front-Wheel Drive,Hybrid,4.8,710 reviews,"Chambersburg, PA (68 mi.)","47,249 mi."
2015 Kia Optima Hybrid EX,"$8,495",Patriot Auto Group LLC,Automatic,Front-Wheel Drive,Hybrid,0,5 reviews,"Stafford, VA (69 mi.)","131,678 mi."
2018 Nissan Rogue Hybrid SL,"$18,500",Country Chevrolet,Automatic,Front-Wheel Drive,Hybrid,4.9,"1,054 reviews","Warrenton, VA (70 mi.)","65,127 mi."
2012 Lincoln MKZ Hybrid Base,"$15,900",Forrester Lincoln,Automatic,Front-Wheel Drive,Hybrid,5,"1,401 reviews","Chambersburg, PA (71 mi.)","31,111 mi."
2019 Honda Insight Touring 4dr Sedan,"$11,450",Cars Trend LLC,Automatic,Front-Wheel Drive,Hybrid,3.7,22 reviews,"Harrisburg, PA (71 mi.)","145,887 mi."
2022 Hyundai IONIQ Hybrid SE,"$20,277",Freysinger Hyundai,Automatic,Front-Wheel Drive,Hybrid,0,902 reviews,"Mechanicsburg, PA (72 mi.)","18,438 mi."
2024 Toyota Camry Hybrid SE,"$33,911",Heritage Toyota CDJR of Harrisburg,Automatic,Front-Wheel Drive,Hybrid,4.8,"4,892 reviews","Harrisburg, PA (76 mi.)","13,081 mi."
2020 Ford F-150 XL,"$24,987",Al Packer Ford,Automatic,Front-Wheel Drive,Hybrid,4.2,"2,172 reviews","Baltimore, MD (15 mi.)","118,688 mi."
2023 Hyundai Sonata Hybrid SE,"$26,500",Bob Bell Ford Hyundai,Automatic,Front-Wheel Drive,Hybrid,3.5,987 reviews,"Glen Burnie, MD (6 mi.)","3,443 mi."
2023 Hyundai Sonata Hybrid SE,"$28,844",Thompson Hyundai,Automatic,Front-Wheel Drive,Hybrid,4.8,"1,549 reviews","Dundalk, MD (10 mi.)","12,973 mi."
2023 Hyundai Sonata Hybrid SE,"$26,250",Heritage Hyundai Towson,Automatic,Front-Wheel Drive,Hybrid,4.8,"3,513 reviews","Towson, MD (13 mi.)","16,979 mi."
2021 Hyundai Sonata Hybrid Blue,"$21,300",Heritage Honda,Automatic,Front-Wheel Drive,Hybrid,4.9,"3,668 reviews","Parkville, MD (14 mi.)","28,431 mi."
2019 Hyundai IONIQ Hybrid Limited,"$20,388",Genesis of Rockville,Automatic,Front-Wheel Drive,Hybrid,0,2 reviews,"Rockville, MD (27 mi.)","30,166 mi."
2008 Toyota Camry Hybrid Base,"$6,995",Hybrid & Gas Automotive Inc,Automatic,Front-Wheel Drive,Hybrid,0,8 reviews,"Aberdeen, MD (31 mi.)","170,840 mi."
2019 Ford Fusion Hybrid SE,"$16,000",Koons Sterling Ford,Automatic,Front-Wheel Drive,Hybrid,4,982 reviews,"Sterling, VA (41 mi.)","52,554 mi."
2022 Chrysler Pacifica Hybrid Touring L,"$23,602",Hertz Car Sales Springfield,Automatic,Front-Wheel Drive,Hybrid,0,4 reviews,"Springfield, VA (42 mi.)","64,528 mi."
2013 Toyota Avalon Hybrid XLE Touring,"$13,990",Frederick Auto House,Automatic,Front-Wheel Drive,Hybrid,0,15 reviews,"Frederick, MD (42 mi.)","119,018 mi."
2013 Ford C-Max Hybrid SE,"$7,832",Country Buick GMC of Leesburg,Automatic,Front-Wheel Drive,Hybrid,0,29 reviews,"Leesburg, VA (48 mi.)","104,717 mi."
2015 Ford C-Max Hybrid SEL,"$10,999",Dotcom Auto,Automatic,Front-Wheel Drive,Hybrid,1.8,12 reviews,"Chantilly, VA (48 mi.)","69,833 mi."
2015 Lincoln MKZ Hybrid Base,"$9,995",NOVA Autoland LLC,Automatic,Front-Wheel Drive,Hybrid,4.3,6 reviews,"Chantilly, VA (49 mi.)","100,450 mi."
2010 Mercury Milan Hybrid Sedan,"$8,444",Precise Automotive Group,Automatic,Front-Wheel Drive,Hybrid,4.5,128 reviews,"Chantilly, VA (49 mi.)","110,530 mi."
2014 Honda Accord Hybrid Base,"$9,899",Precise Automotive Group,Automatic,Front-Wheel Drive,Hybrid,4.5,128 reviews,"Chantilly, VA (49 mi.)","145,760 mi."
2017 Kia Optima Hybrid EX,"$11,777",Lease Return Center,Automatic,Front-Wheel Drive,Hybrid,2.3,339 reviews,"Triangle, VA (60 mi.)","74,734 mi."
2024 Hyundai Elantra HEV Limited,"$27,998","Lancaster County Motors, Inc.",Automatic,Front-Wheel Drive,Hybrid,4.8,908 reviews,"East Petersburg, PA (62 mi.)","2,134 mi."
2016 Ford C-Max Hybrid SEL,"$15,000",Bob Ruth Ford,Automatic,Front-Wheel Drive,Hybrid,4.7,"1,942 reviews","Dillsburg, PA (64 mi.)","33,976 mi."
2018 Hyundai IONIQ Hybrid Blue,"$16,000",Bob Ruth Ford,Automatic,Front-Wheel Drive,Hybrid,4.7,"1,942 reviews","Dillsburg, PA (64 mi.)","68,831 mi."
2013 Kia Optima Hybrid EX,"$8,495",PK Auto Sales,Automatic,Front-Wheel Drive,Hybrid,4.9,13 reviews,"Stafford, VA (66 mi.)","121,041 mi."
2024 Toyota Corolla Hybrid LE,"$25,711",Heritage Toyota CDJR of Harrisburg,Automatic,Front-Wheel Drive,Hybrid,4.8,"4,892 reviews","Harrisburg, PA (76 mi.)","14,602 mi."
2020 Ford F-150 XL,"$24,987",Al Packer Ford,Automatic,Front-Wheel Drive,Hybrid,4.2,"2,172 reviews","Baltimore, MD (15 mi.)","118,688 mi."
2022 Hyundai Sonata Hybrid Limited,"$25,989",Ourisman Hyundai,Automatic,Front-Wheel Drive,Hybrid,3.5,925 reviews,"Laurel, MD (13 mi.)","24,818 mi."
2015 Lexus CT 200h Hybrid,"$19,295",Nationwide Nissan,Automatic,Front-Wheel Drive,Hybrid,4,181 reviews,"Lutherville-Timonium, MD (15 mi.)","66,110 mi."
2023 Hyundai Sonata Hybrid Limited,"$29,900",Ourisman Hyundai of Bowie,Automatic,Front-Wheel Drive,Hybrid,3.4,835 reviews,"Bowie, MD (23 mi.)","6,352 mi."
2009 Toyota Camry Hybrid Base,"$9,981",MemberCar,Automatic,Front-Wheel Drive,Hybrid,4.9,612 reviews,"Rockville, MD (27 mi.)","111,373 mi."
2019 Toyota Avalon Hybrid Limited,"$28,728",Passport Toyota,Automatic,Front-Wheel Drive,Hybrid,4.2,409 reviews,"Suitland, MD (32 mi.)","54,324 mi."
2022 Chrysler Pacifica Hybrid Touring L,"$24,950",Easterns Automotive Group of Temple Hills,Automatic,Front-Wheel Drive,Hybrid,4.9,"5,603 reviews","Temple Hills, MD (33 mi.)","63,701 mi."
2024 Toyota Corolla Hybrid LE,"$25,490",Ourisman Honda of Frederick,Automatic,Front-Wheel Drive,Hybrid,4.5,"1,065 reviews","Frederick, MD (41 mi.)","16,336 mi."
2023 Toyota Corolla Hybrid SE,"$24,283",Sheehy Volkswagen of Springfield,Automatic,Front-Wheel Drive,Hybrid,4.8,"1,144 reviews","Springfield, VA (42 mi.)","47,060 mi."
2021 Chrysler Pacifica Hybrid Touring L,"$27,690",Easterns Automotive Group of Frederick,Automatic,Front-Wheel Drive,Hybrid,4.8,897 reviews,"Frederick, MD (43 mi.)","36,520 mi."
2014 Volkswagen Jetta Hybrid SEL Premium,"$10,450",Precise Automotive Group,Automatic,Front-Wheel Drive,Hybrid,4.5,128 reviews,"Chantilly, VA (49 mi.)","92,254 mi."
2013 Volkswagen Jetta Hybrid SE,"$7,950",Woodbridge Public Auto Auction,Automatic,Front-Wheel Drive,Hybrid,2.8,92 reviews,"Woodbridge, VA (51 mi.)","118,190 mi."
2012 Hyundai Sonata Hybrid Base,"$3,950",Woodbridge Public Auto Auction,Automatic,Front-Wheel Drive,Hybrid,2.8,92 reviews,"Woodbridge, VA (51 mi.)","150,480 mi."
2011 Toyota Prius I,"$11,995",Maximum Auto Outlet,Automatic,Front-Wheel Drive,Hybrid,2.4,437 reviews,"Manassas Park, VA (53 mi.)","84,624 mi."
2014 Toyota Prius c Two,"$12,995",Maximum Auto Outlet,Automatic,Front-Wheel Drive,Hybrid,2.4,437 reviews,"Manassas Park, VA (53 mi.)","54,468 mi."
2020 Ford Escape SE,"$19,500",Koons Woodbridge Hyundai,Automatic,Front-Wheel Drive,Hybrid,3.4,440 reviews,"Woodbridge, VA (53 mi.)","33,732 mi."
2017 Toyota Prius Two,"$18,995",Maximum Auto Outlet,Automatic,Front-Wheel Drive,Hybrid,2.4,437 reviews,"Manassas Park, VA (53 mi.)","59,592 mi."
2023 Chrysler Pacifica Hybrid Limited,"$33,777",Premier Automotive,Automatic,Front-Wheel Drive,Hybrid,3.2,235 reviews,"Dumfries, VA (58 mi.)","4,775 mi."
2017 Ford Fusion Hybrid SE,"$9,977",Bob Ruth Ford,Automatic,Front-Wheel Drive,Hybrid,4.7,"1,942 reviews","Dillsburg, PA (64 mi.)","123,221 mi."
2021 Chrysler Pacifica Hybrid Limited,"$31,995",Shively Motors Dodge Chrysler Jeep Ram of Shippensburg,Automatic,Front-Wheel Drive,Hybrid,0,159 reviews,"Shippensburg, PA (72 mi.)","44,206 mi."
2020 Chrysler Pacifica Hybrid Touring L,"$24,600",Heritage Toyota CDJR of Harrisburg,Automatic,Front-Wheel Drive,Hybrid,4.8,"4,892 reviews","Harrisburg, PA (76 mi.)","42,538 mi."
2020 Ford F-150 XL,"$24,987",Al Packer Ford,Automatic,Front-Wheel Drive,Hybrid,4.2,"2,172 reviews","Baltimore, MD (15 mi.)","118,688 mi."
2023 Toyota Camry SE,"$28,500",Mercedes-Benz of Catonsville,Automatic,Front-Wheel Drive,Hybrid,4.4,578 reviews,"Baltimore, MD (6 mi.)","36,268 mi."
2023 Hyundai Sonata Hybrid Limited,"$29,900",Ourisman Hyundai of Bowie,Automatic,Front-Wheel Drive,Hybrid,3.4,835 reviews,"Bowie, MD (23 mi.)","6,352 mi."
2022 Kia Sorento Hybrid EX,"$30,491",Hersons Kia,Automatic,Front-Wheel Drive,Hybrid,4.6,540 reviews,"Rockville, MD (28 mi.)","32,572 mi."
2023 Toyota Camry LE,"$25,597",Jim Coleman Toyota,Automatic,Front-Wheel Drive,Hybrid,4.6,"1,310 reviews","Bethesda, MD (30 mi.)","63,476 mi."
2024 Toyota Corolla Hybrid LE,"$27,995",Fitzgerald Toyota Gaithersburg,Automatic,Front-Wheel Drive,Hybrid,4.8,"1,133 reviews","Gaithersburg, MD (30 mi.)",390 mi.
2024 Toyota Corolla Hybrid LE,"$24,900",Passport Toyota,Automatic,Front-Wheel Drive,Hybrid,4.2,409 reviews,"Suitland, MD (32 mi.)","2,007 mi."
2022 Ford Escape SE,"$25,500",Passport Nissan of Alexandria,Automatic,Front-Wheel Drive,Hybrid,4.3,430 reviews,"Alexandria, VA (39 mi.)","17,350 mi."
2021 Toyota Camry LE,"$25,991",DARCARS Toyota Frederick,Automatic,Front-Wheel Drive,Hybrid,4.1,"1,604 reviews","Frederick, MD (41 mi.)","20,874 mi."
2019 Ford Fusion Hybrid Titanium,"$15,500",Koons Sterling Ford,Automatic,Front-Wheel Drive,Hybrid,4,982 reviews,"Sterling, VA (41 mi.)","88,070 mi."
2024 Toyota Camry Hybrid SE,"$34,474",Sheehy Ford of Springfield,Automatic,Front-Wheel Drive,Hybrid,4.2,887 reviews,"Springfield, VA (43 mi.)","23,352 mi."
2021 Ford Escape SEL,"$24,950",Easterns Automotive Group of Sterling- Curbside and Home Delivery Available,Automatic,Front-Wheel Drive,Hybrid,4.9,"1,155 reviews","Sterling, VA (46 mi.)","42,248 mi."
2015 Ford Fusion Hybrid SE,"$9,498",AutoNation Toyota Leesburg,Automatic,Front-Wheel Drive,Hybrid,4.7,"2,235 reviews","Leesburg, VA (48 mi.)","107,071 mi."
2023 Hyundai Sonata Hybrid SEL,"$25,895",Hyundai of Chantilly,Automatic,Front-Wheel Drive,Hybrid,4,866 reviews,"Chantilly, VA (49 mi.)","6,715 mi."
2020 Hyundai Sonata Hybrid Limited,"$23,175",Safford Brown Mazda Chantilly,Automatic,Front-Wheel Drive,Hybrid,3.3,45 reviews,"Chantilly, VA (49 mi.)","27,290 mi."
2021 Toyota Corolla Hybrid LE,"$20,000",Toyota of Woodbridge,Automatic,Front-Wheel Drive,Hybrid,4.5,"1,263 reviews","Woodbridge, VA (52 mi.)","43,673 mi."
2013 Toyota Prius Two,"$14,995",Auto Trademark,Automatic,Front-Wheel Drive,Hybrid,3.7,172 reviews,"Manassas, VA (52 mi.)","38,120 mi."
2022 Chrysler Pacifica Hybrid Touring L,"$24,199",Hamilton Nissan,Automatic,Front-Wheel Drive,Hybrid,3.3,756 reviews,"Hagerstown, MD (60 mi.)","69,161 mi."
2019 Honda Accord Hybrid EX,"$23,487",Kyner's Auto Sales Inc.,Automatic,Front-Wheel Drive,Hybrid,4.8,710 reviews,"Chambersburg, PA (68 mi.)","50,412 mi."
2023 Toyota Corolla Hybrid SE Infrared,"$26,700",CMA's Toyota of Martinsburg,Automatic,Front-Wheel Drive,Hybrid,3.3,145 reviews,"Martinsburg, WV (72 mi.)","12,195 mi."
2012 Hyundai Sonata Hybrid Base,"$8,990",I-Deal Cars LLC,Automatic,Front-Wheel Drive,Hybrid,4,57 reviews,"Harrisburg, PA (75 mi.)","85,519 mi."
2020 Ford F-150 XL,"$24,987",Al Packer Ford,Automatic,Front-Wheel Drive,Hybrid,4.2,"2,172 reviews","Baltimore, MD (15 mi.)","118,688 mi."
2019 Hyundai Sonata Plug-In Hybrid Base,"$22,490",Easterns Automotive Group of Baltimore,Automatic,Front-Wheel Drive,Hybrid,4.9,"5,866 reviews","Rosedale, MD (11 mi.)","24,054 mi."
2022 Toyota Camry SE,"$26,400",Sport Chevrolet Cadillac,Automatic,Front-Wheel Drive,Hybrid,4.7,373 reviews,"Silver Spring, MD (19 mi.)","31,880 mi."
2022 Chrysler Pacifica Hybrid Touring L,"$24,749",DARCARS Chrysler Dodge Jeep RAM Silver Spring,Automatic,Front-Wheel Drive,Hybrid,3.5,185 reviews,"Silver Spring, MD (20 mi.)","66,739 mi."
2023 Chrysler Pacifica Hybrid Limited,"$43,290",DARCARS Chrysler Dodge Jeep RAM Silver Spring,Automatic,Front-Wheel Drive,Hybrid,3.5,185 reviews,"Silver Spring, MD (20 mi.)","1,457 mi."
2020 Toyota Prius XLE,"$26,595",Trust Auto,Automatic,Front-Wheel Drive,Hybrid,4.6,492 reviews,"Sykesville, MD (25 mi.)","23,692 mi."
2024 Toyota Camry Hybrid SE,"$36,500",Jim Coleman Toyota,Automatic,Front-Wheel Drive,Hybrid,4.6,"1,310 reviews","Bethesda, MD (30 mi.)","5,266 mi."
2022 Chrysler Pacifica Hybrid Touring L,"$24,500",DARCARS Chrysler Dodge Jeep Ram of Marlow Heights,Automatic,Front-Wheel Drive,Hybrid,2.9,150 reviews,"Camp Springs, MD (32 mi.)","68,389 mi."
2023 Chrysler Pacifica Hybrid Limited,"$37,294",Koons of Falls Church Ford,Automatic,Front-Wheel Drive,Hybrid,3.8,"1,082 reviews","Falls Church, VA (37 mi.)","27,131 mi."
2024 Toyota Corolla Hybrid LE,"$24,854",Koons of Tysons Chevrolet Buick GMC,Automatic,Front-Wheel Drive,Hybrid,4.5,"1,204 reviews","Vienna, VA (38 mi.)","4,703 mi."
2023 Hyundai Sonata Hybrid SE,"$26,980",Passport Nissan of Alexandria,Automatic,Front-Wheel Drive,Hybrid,4.3,430 reviews,"Alexandria, VA (39 mi.)",749 mi.
2020 Ford Fusion Plug-In Hybrid Titanium,"$21,375",Easterns Automotive Group of Sterling- Curbside and Home Delivery Available,Automatic,Front-Wheel Drive,Hybrid,4.9,"1,155 reviews","Sterling, VA (46 mi.)","42,590 mi."
2011 Hyundai Sonata Hybrid Base,"$6,999",Loudoun Motor Cars,Automatic,Front-Wheel Drive,Hybrid,0,2 reviews,"Chantilly, VA (48 mi.)","149,272 mi."
2023 Chrysler Pacifica Hybrid Limited,"$38,594",Country Buick GMC of Leesburg,Automatic,Front-Wheel Drive,Hybrid,0,29 reviews,"Leesburg, VA (48 mi.)","12,502 mi."
2022 Toyota Corolla Hybrid SE,"$17,799",Epic Motor Company,Automatic,Front-Wheel Drive,Hybrid,3.7,20 reviews,"Chantilly, VA (49 mi.)","68,223 mi."
2021 Chrysler Pacifica Hybrid Touring L,"$26,500",Koons Kia,Automatic,Front-Wheel Drive,Hybrid,3.4,575 reviews,"Woodbridge, VA (52 mi.)","39,883 mi."
2015 Ford Fusion Titanium Hybrid,"$12,995",Auto Trademark,Automatic,Front-Wheel Drive,Hybrid,3.7,172 reviews,"Manassas, VA (52 mi.)","64,975 mi."
2013 Toyota Prius Two,"$14,995",Auto Trademark,Automatic,Front-Wheel Drive,Hybrid,3.7,172 reviews,"Manassas, VA (52 mi.)","38,120 mi."
2016 Hyundai Sonata Hybrid SE,"$12,995",Autogroup Inc,Automatic,Front-Wheel Drive,Hybrid,5,27 reviews,"Manassas, VA (54 mi.)","110,747 mi."
2021 Toyota Corolla Hybrid LE,"$18,995",Autogroup Inc,Automatic,Front-Wheel Drive,Hybrid,5,27 reviews,"Manassas, VA (54 mi.)","88,229 mi."
2021 Hyundai Elantra Limited,"$21,987",Morgan Automotive Inc.,Automatic,Front-Wheel Drive,Hybrid,5,"1,000 reviews","Manheim, PA (65 mi.)","24,221 mi."
2020 Ford F-150 XL,"$24,987",Al Packer Ford,Automatic,Front-Wheel Drive,Hybrid,4.2,"2,172 reviews","Baltimore, MD (15 mi.)","118,688 mi."
2022 Toyota Corolla Hybrid LE,"$22,310",Sheehy Nissan of Glen Burnie,Automatic,Front-Wheel Drive,Hybrid,4.6,"1,105 reviews","Glen Burnie, MD (6 mi.)","46,882 mi."
2013 Hyundai Sonata Hybrid Base,"$13,297",Carhaven,Automatic,Front-Wheel Drive,Hybrid,2.9,112 reviews,"Millersville, MD (10 mi.)","15,985 mi."
2019 Ford Fusion Hybrid SE,"$16,275",Easterns Automotive Group of Baltimore,Automatic,Front-Wheel Drive,Hybrid,4.9,"5,866 reviews","Rosedale, MD (11 mi.)","57,443 mi."
2020 Ford Fusion Hybrid Titanium,"$18,991",Fitzgerald Volkswagen Annapolis,Automatic,Front-Wheel Drive,Hybrid,4.9,128 reviews,"Annapolis, MD (20 mi.)","57,892 mi."
2015 Honda Accord Hybrid EX-L,"$17,591",Honda of Greenbelt,Automatic,Front-Wheel Drive,Hybrid,4.2,757 reviews,"Greenbelt, MD (21 mi.)","82,636 mi."
2017 Toyota Prius Prime Advanced,"$20,595",Trust Auto,Automatic,Front-Wheel Drive,Hybrid,4.6,492 reviews,"Sykesville, MD (25 mi.)","72,776 mi."
2015 Toyota Prius Two,"$12,991",Mustache Motors,Automatic,Front-Wheel Drive,Hybrid,5,13 reviews,"Kensington, MD (26 mi.)","103,864 mi."
2024 Chrysler Pacifica Hybrid Select,"$40,770",Ourisman Mazda of Rockville,Automatic,Front-Wheel Drive,Hybrid,4.6,516 reviews,"Rockville, MD (28 mi.)","6,540 mi."
2021 Toyota Camry LE,"$26,995",Fitzgerald Toyota Gaithersburg,Automatic,Front-Wheel Drive,Hybrid,4.8,"1,133 reviews","Gaithersburg, MD (30 mi.)","21,605 mi."
2021 Toyota Camry LE,"$28,500",Bill Page Toyota,Automatic,Front-Wheel Drive,Hybrid,4.7,444 reviews,"Falls Church, VA (37 mi.)","31,791 mi."
2022 Hyundai Sonata Hybrid Limited,"$24,150",Rosenthal Landmark Honda,Automatic,Front-Wheel Drive,Hybrid,4.8,"1,919 reviews","Alexandria, VA (38 mi.)","39,261 mi."
2020 Ford Fusion Hybrid SE,"$16,950",Easterns Automotive Group of Frederick,Automatic,Front-Wheel Drive,Hybrid,4.8,897 reviews,"Frederick, MD (43 mi.)","57,939 mi."
2014 Honda Accord Hybrid Base,"$9,899",Precise Automotive Group,Automatic,Front-Wheel Drive,Hybrid,4.5,128 reviews,"Chantilly, VA (49 mi.)","145,760 mi."
2021 Hyundai Elantra HEV Blue,"$19,997",Hertrich Honda Kia of Easton,Automatic,Front-Wheel Drive,Hybrid,0,28 reviews,"Easton, MD (49 mi.)","28,744 mi."
2009 Toyota Camry Hybrid Base,"$7,581",Precise Automotive Group,Automatic,Front-Wheel Drive,Hybrid,4.5,128 reviews,"Chantilly, VA (49 mi.)","119,056 mi."
2020 Honda Insight EX,"$18,995",Auto Trademark,Automatic,Front-Wheel Drive,Hybrid,3.7,172 reviews,"Manassas, VA (52 mi.)","56,977 mi."
2024 Toyota Camry Hybrid XLE,"$33,000",Toyota of Woodbridge,Automatic,Front-Wheel Drive,Hybrid,4.5,"1,263 reviews","Woodbridge, VA (52 mi.)","9,504 mi."
2022 Kia Niro Touring SE,"$25,999",Martin Kia,Automatic,Front-Wheel Drive,Hybrid,4.8,823 reviews,"Newark, DE (59 mi.)","12,445 mi."
2023 Hyundai Sonata Hybrid Limited,"$33,999","Lancaster County Motors, Inc.",Automatic,Front-Wheel Drive,Hybrid,4.8,908 reviews,"East Petersburg, PA (62 mi.)","4,417 mi."
2016 Ford C-Max Hybrid SEL,"$10,900",Forrester Lincoln,Automatic,Front-Wheel Drive,Hybrid,5,"1,401 reviews","Chambersburg, PA (71 mi.)","119,574 mi."
2020 Ford F-150 XL,"$24,987",Al Packer Ford,Automatic,Front-Wheel Drive,Hybrid,4.2,"2,172 reviews","Baltimore, MD (15 mi.)","118,688 mi."
2020 Ford Fusion Hybrid SE,"$13,824",Sheehy Nissan of Glen Burnie,Automatic,Front-Wheel Drive,Hybrid,4.6,"1,105 reviews","Glen Burnie, MD (6 mi.)","93,989 mi."
2018 Chrysler Pacifica Hybrid Limited,"$24,497",J.B.A. Chevrolet,Automatic,Front-Wheel Drive,Hybrid,4.6,838 reviews,"Glen Burnie, MD (6 mi.)","35,243 mi."
2022 Toyota Camry SE,"$25,775",VINS MD,Automatic,Front-Wheel Drive,Hybrid,0,0 reviews,"Baltimore, MD (8 mi.)","31,429 mi."
2019 Ford Fusion Hybrid SE,"$15,467",Al Packer Ford,Automatic,Front-Wheel Drive,Hybrid,4.2,"2,172 reviews","Baltimore, MD (15 mi.)","89,124 mi."
2020 Ford Fusion Hybrid Titanium,"$18,991",Fitzgerald Volkswagen Annapolis,Automatic,Front-Wheel Drive,Hybrid,4.9,128 reviews,"Annapolis, MD (20 mi.)","57,892 mi."
2015 Honda Accord Hybrid EX-L,"$17,591",Honda of Greenbelt,Automatic,Front-Wheel Drive,Hybrid,4.2,757 reviews,"Greenbelt, MD (21 mi.)","82,636 mi."
2021 Kia Niro Plug-In Hybrid EX,"$25,361",Ourisman Kia of Bethesda,Automatic,Front-Wheel Drive,Hybrid,0,2 reviews,"Bethesda, MD (29 mi.)","25,222 mi."
2021 Toyota Camry SE,"$30,750",Jim Coleman Toyota,Automatic,Front-Wheel Drive,Hybrid,4.6,"1,310 reviews","Bethesda, MD (30 mi.)","32,003 mi."
2022 Toyota Camry Nightshade Edition Hybrid,"$26,000",Koons Arlington Toyota,Automatic,Front-Wheel Drive,Hybrid,4.1,684 reviews,"Arlington, VA (34 mi.)","71,235 mi."
2012 Hyundai Sonata Hybrid Base,"$3,000",Audi Tysons Corner,Automatic,Front-Wheel Drive,Hybrid,4.8,"1,429 reviews","Vienna, VA (37 mi.)","190,538 mi."
2021 Kia Niro Plug-In Hybrid EX Premium,"$26,499",Koons Tysons Chrysler Dodge Jeep RAM,Automatic,Front-Wheel Drive,Hybrid,3.7,984 reviews,"Vienna, VA (38 mi.)","12,078 mi."
2023 Ford Maverick XL,"$24,000",Waldorf Ford,Automatic,Front-Wheel Drive,Hybrid,4.3,"1,143 reviews","Waldorf, MD (43 mi.)","10,913 mi."
2020 Ford Fusion Plug-In Hybrid Titanium,"$21,375",Easterns Automotive Group of Sterling- Curbside and Home Delivery Available,Automatic,Front-Wheel Drive,Hybrid,4.9,"1,155 reviews","Sterling, VA (46 mi.)","42,590 mi."
2021 Honda Accord Hybrid EX-L,"$26,745",Arlington Motors of Woodbridge,Automatic,Front-Wheel Drive,Hybrid,0,1 review,"Woodbridge, VA (55 mi.)","66,900 mi."
2020 Toyota Corolla Hybrid LE,"$14,450",Premier Automotive,Automatic,Front-Wheel Drive,Hybrid,3.2,235 reviews,"Dumfries, VA (58 mi.)","138,625 mi."
2019 Ford Fusion Hybrid Titanium,"$18,900",Sauder Motors Inc.,Automatic,Front-Wheel Drive,Hybrid,0,37 reviews,"Strasburg, PA (58 mi.)","59,054 mi."
2023 Honda Accord Hybrid Base,"$33,995",Martin Honda,Automatic,Front-Wheel Drive,Hybrid,4.8,"2,861 reviews","Newark, DE (59 mi.)","14,169 mi."
2016 Ford C-Max Hybrid SEL,"$10,900",Forrester Lincoln,Automatic,Front-Wheel Drive,Hybrid,5,"1,401 reviews","Chambersburg, PA (71 mi.)","119,574 mi."
2017 Hyundai Sonata Plug-In Hybrid Base,"$10,900",Twin Pine Ford,Automatic,Front-Wheel Drive,Hybrid,4.7,"1,007 reviews","Ephrata, PA (73 mi.)","95,999 mi."
2020 Hyundai IONIQ Hybrid SE,"$16,500",Concordville Subaru,Automatic,Front-Wheel Drive,Hybrid,4.9,"3,075 reviews","Glen Mills, PA (75 mi.)","69,106 mi."
2020 Ford F-150 XL,"$24,987",Al Packer Ford,Automatic,Front-Wheel Drive,Hybrid,4.2,"2,172 reviews","Baltimore, MD (15 mi.)","118,688 mi."
2022 Toyota Camry SE,"$25,900",DARCARS Toyota Baltimore,Automatic,Front-Wheel Drive,Hybrid,2.6,193 reviews,"Baltimore, MD (8 mi.)","48,355 mi."
2021 Toyota Camry LE,"$26,691",Sheehy Toyota of Laurel,Automatic,Front-Wheel Drive,Hybrid,3.3,126 reviews,"Laurel, MD (11 mi.)","31,778 mi."
2022 Honda Accord Hybrid EX-L,"$28,294",Fred Frederick Chrysler Jeep Dodge RAM Laurel,Automatic,Front-Wheel Drive,Hybrid,0,26 reviews,"Laurel, MD (13 mi.)","35,012 mi."
2023 Toyota Camry SE,"$30,777",Jerry's Toyota,Automatic,Front-Wheel Drive,Hybrid,4.1,"1,196 reviews","Baltimore, MD (14 mi.)","17,636 mi."
2020 Hyundai IONIQ Hybrid SE,"$18,950",Easterns Automotive Group of Hyattsville,Automatic,Front-Wheel Drive,Hybrid,4.9,"5,088 reviews","Hyattsville, MD (23 mi.)","42,003 mi."
2021 Toyota Camry SE,"$26,999",1 US Motors,Automatic,Front-Wheel Drive,Hybrid,4.4,52 reviews,"Edgewood, MD (25 mi.)","29,540 mi."
2019 Honda Accord Hybrid Base,"$20,873",DARCARS Chrysler Dodge Jeep Ram of Rockville,Automatic,Front-Wheel Drive,Hybrid,4,356 reviews,"Rockville, MD (28 mi.)","78,912 mi."
2008 Toyota Camry Hybrid Base,"$6,995",Hybrid & Gas Automotive Inc,Automatic,Front-Wheel Drive,Hybrid,0,8 reviews,"Aberdeen, MD (31 mi.)","170,840 mi."
2015 Toyota Camry Hybrid XLE,"$12,995",DMV Automotive of Falls Church,Automatic,Front-Wheel Drive,Hybrid,0,4 reviews,"Falls Church, VA (37 mi.)","132,570 mi."
2019 Ford Fusion Hybrid SE,"$16,000",Koons Sterling Ford,Automatic,Front-Wheel Drive,Hybrid,4,982 reviews,"Sterling, VA (41 mi.)","52,554 mi."
2019 Chrysler Pacifica Hybrid Touring Plus,"$19,000",Koons Sterling Ford,Automatic,Front-Wheel Drive,Hybrid,4,982 reviews,"Sterling, VA (41 mi.)","69,975 mi."
2022 Chrysler Pacifica Hybrid Touring L,"$25,750",Easterns Automotive Group of Frederick,Automatic,Front-Wheel Drive,Hybrid,4.8,897 reviews,"Frederick, MD (43 mi.)","70,402 mi."
2020 Toyota Camry Hybrid XLE,"$24,928",AutoNation Toyota Leesburg,Automatic,Front-Wheel Drive,Hybrid,4.7,"2,235 reviews","Leesburg, VA (48 mi.)","76,333 mi."
2013 Lexus ES 300h Base,"$14,996",Cars2Us Woodbridge,Automatic,Front-Wheel Drive,Hybrid,0,0 reviews,"Woodbridge, VA (51 mi.)","102,458 mi."
2023 Toyota Corolla Hybrid LE,"$24,500",Toyota of Woodbridge,Automatic,Front-Wheel Drive,Hybrid,4.5,"1,263 reviews","Woodbridge, VA (52 mi.)","10,984 mi."
2019 Chrysler Pacifica Hybrid Limited,"$24,995",Auto Trademark,Automatic,Front-Wheel Drive,Hybrid,3.7,172 reviews,"Manassas, VA (52 mi.)","62,017 mi."
2022 Honda Accord Hybrid Base,"$25,920",CarGet Motors,Automatic,Front-Wheel Drive,Hybrid,4.2,10 reviews,"Woodbridge, VA (53 mi.)","28,609 mi."
2021 Toyota Corolla Hybrid LE,"$16,795",Autos Direct of Manassas,Automatic,Front-Wheel Drive,Hybrid,3.7,23 reviews,"Manassas, VA (54 mi.)","117,477 mi."
2020 Hyundai IONIQ Hybrid Blue,"$14,995",Michigan Auto,Automatic,Front-Wheel Drive,Hybrid,3.1,45 reviews,"Woodbridge, VA (55 mi.)","81,414 mi."
2019 Hyundai IONIQ Hybrid Limited,"$15,995",Piazza Hyundai of West Chester,Automatic,Front-Wheel Drive,Hybrid,3.5,472 reviews,"West Chester, PA (75 mi.)","85,013 mi."
