Car Name,Price,Dealer Name,Transmission Type,Drivetrain,Fuel Type,Rating,Reviews,Location,Mileage
2018 Ford F-150 Raptor,"$40,662",Al Packer Ford,Automatic,All-Wheel Drive,Hybrid,4.2,"2,172 reviews","Baltimore, MD (15 mi.)","90,877 mi."
2014 INFINITI Q50 Hybrid Sport,"$14,895",National Motors of Ellicott City,Automatic,All-Wheel Drive,Hybrid,4.5,554 reviews,"Ellicott City, MD (8 mi.)","102,865 mi."
2019 Volvo S60 Hybrid T8 R-Design,"$27,000",Heritage Toyota Owings Mills,Automatic,All-Wheel Drive,Hybrid,4.7,"1,346 reviews","Owings Mills, MD (13 mi.)","33,080 mi."
2023 Honda CR-V Hybrid Sport Touring,"$36,600",Heritage Volkswagen Parkville,Automatic,All-Wheel Drive,Hybrid,4.6,"1,658 reviews","Baltimore, MD (14 mi.)","13,276 mi."
2020 Acura RLX Sport Hybrid Advance Package,"$40,500",Koons Volvo Cars White Marsh,Automatic,All-Wheel Drive,Hybrid,4.2,410 reviews,"White Marsh, MD (16 mi.)","17,209 mi."
2023 Porsche Panamera E-Hybrid 4 Platinum Edition,"$112,777",Porsche Owings Mills,Automatic,All-Wheel Drive,Hybrid,4.7,152 reviews,"Owings Mills, MD (16 mi.)","7,118 mi."
2021 Porsche Cayenne E-Hybrid Coupe Turbo S,"$116,998",Porsche Annapolis,Automatic,All-Wheel Drive,Hybrid,4.8,498 reviews,"Annapolis, MD (20 mi.)","28,840 mi."
2019 Volvo XC90 Hybrid T8 Momentum,"$37,900",Ourisman Hyundai of Bowie,Automatic,All-Wheel Drive,Hybrid,3.4,835 reviews,"Bowie, MD (23 mi.)","29,029 mi."
2024 Lexus TX 500h Luxury,"$79,000",Koons Tysons Toyota,Automatic,All-Wheel Drive,Hybrid,4.7,"2,443 reviews","Vienna, VA (37 mi.)","4,820 mi."
2022 Bentley Flying Spur Hybrid Hybrid,"$178,888",Washington Exotics,Automatic,All-Wheel Drive,Hybrid,0,5 reviews,"Sterling, VA (44 mi.)","14,103 mi."
2020 Porsche Cayenne E-Hybrid S,"$102,975",Porsche Delaware,Automatic,All-Wheel Drive,Hybrid,4.3,249 reviews,"Newark, DE (60 mi.)","26,108 mi."
2023 Hyundai Santa Fe Plug-In Hybrid SEL Convenience,"$31,649",Massey Hyundai,Automatic,All-Wheel Drive,Hybrid,3.9,987 reviews,"Hagerstown, MD (64 mi.)","8,868 mi."
2021 Lexus UX 250h F Sport,"$28,987",Morgan Automotive Inc.,Automatic,All-Wheel Drive,Hybrid,5,"1,000 reviews","Manheim, PA (65 mi.)","35,926 mi."
2023 Hyundai Santa Fe SEL 2.4,"$31,777",Chevrolet of Greencastle,Automatic,All-Wheel Drive,Hybrid,0,1 review,"Greencastle, PA (67 mi.)","7,611 mi."
2019 Volvo XC60 Recharge Plug-In Hybrid T8 Inscription,"$25,995",Kyner's Auto Sales Inc.,Automatic,All-Wheel Drive,Hybrid,4.8,710 reviews,"Chambersburg, PA (68 mi.)","81,245 mi."
2017 BMW i8 Base,"$48,990",Union Park Honda BMW Buick GMC Volvo Cars Jaguar,Automatic,All-Wheel Drive,Hybrid,3.4,554 reviews,"Wilmington, DE (70 mi.)","70,273 mi."
2021 Porsche Cayenne E-Hybrid S,"$69,779",Porsche Mechanicsburg,Automatic,All-Wheel Drive,Hybrid,4.9,115 reviews,"Mechanicsburg, PA (72 mi.)","39,709 mi."
2022 Hyundai Tucson Hybrid Blue,"$22,995","Pointe Buick GMC, LLC",Automatic,All-Wheel Drive,Hybrid,4.3,770 reviews,"Penns Grove, NJ (74 mi.)","20,387 mi."
2022 Toyota Highlander Hybrid XLE,"$35,898",Hertrich Buick GMC of Seaford,Automatic,All-Wheel Drive,Hybrid,3.8,65 reviews,"Seaford, DE (74 mi.)","72,599 mi."
2021 BMW X3 PHEV xDrive30e,"$37,999",BMW of West Chester (PA),Automatic,All-Wheel Drive,Hybrid,4.8,"2,619 reviews","West Chester, PA (76 mi.)","42,358 mi."
2018 Ford F-150 Raptor,"$40,662",Al Packer Ford,Automatic,All-Wheel Drive,Hybrid,4.2,"2,172 reviews","Baltimore, MD (15 mi.)","90,877 mi."
2022 Kia Sorento SX,"$35,000",Heritage Mazda Catonsville,Automatic,All-Wheel Drive,Hybrid,4.4,955 reviews,"Catonsville, MD (6 mi.)","23,783 mi."
2022 Porsche Cayenne Turbo S E-Hybrid,"$139,500","European Motors, LTD",Automatic,All-Wheel Drive,Hybrid,4,58 reviews,"Towson, MD (13 mi.)","6,000 mi."
2023 Volvo XC90 Recharge Plug-In Hybrid T8 Ultimate Dark Theme 7-Seater,"$65,219",Volvo Cars Annapolis,Automatic,All-Wheel Drive,Hybrid,4.7,"2,564 reviews","Annapolis, MD (20 mi.)","17,151 mi."
2018 Acura MDX Sport Hybrid w/Advance Package,"$29,949","Criswell in Annapolis, MD",Automatic,All-Wheel Drive,Hybrid,0,284 reviews,"Annapolis, MD (20 mi.)","36,947 mi."
2024 Kia Sportage Hybrid SX-Prestige,"$38,995",Jones Kia and Used Cars,Automatic,All-Wheel Drive,Hybrid,3.1,193 reviews,"Fallston, MD (24 mi.)","4,022 mi."
2024 Mercedes-Benz GLE 450 Plug-In Hybrid 4MATIC,"$68,000",Ourisman Chevrolet of Rockville - Curbside pickup and home delivery available,Automatic,All-Wheel Drive,Hybrid,4.4,412 reviews,"Rockville, MD (28 mi.)","6,102 mi."
2014 Subaru XV Crosstrek Hybrid Base,"$8,995",DMV Automotive of Falls Church,Automatic,All-Wheel Drive,Hybrid,0,4 reviews,"Falls Church, VA (37 mi.)","121,080 mi."
2024 Jaguar F-PACE R-Dynamic S,"$62,145",Jaguar Land Rover Tysons Corner,Automatic,All-Wheel Drive,Hybrid,4.6,"1,091 reviews","Vienna, VA (38 mi.)","8,876 mi."
2022 Porsche Panamera E-Hybrid 4,"$91,000",Ted Britt Ford - We Will Buy Your Car,Automatic,All-Wheel Drive,Hybrid,0,308 reviews,"Fairfax, VA (44 mi.)","21,742 mi."
2008 Lexus RX 400h Base,"$8,695",AutoNation Honda Dulles,Automatic,All-Wheel Drive,Hybrid,4.6,"3,412 reviews","Sterling, VA (44 mi.)","121,925 mi."
2024 Hyundai Tucson Plug-In Hybrid Limited,"$37,498",Sheehy Hyundai of Waldorf,Automatic,All-Wheel Drive,Hybrid,4.4,"1,574 reviews","Waldorf, MD (44 mi.)","15,947 mi."
2022 Toyota RAV4 Hybrid SE,"$36,750",Koons Easton Toyota,Automatic,All-Wheel Drive,Hybrid,4.7,521 reviews,"Easton, MD (48 mi.)","42,703 mi."
2006 Lexus RX 400h Base,"$3,250",Woodbridge Public Auto Auction,Automatic,All-Wheel Drive,Hybrid,2.8,92 reviews,"Woodbridge, VA (51 mi.)","175,307 mi."
2023 Toyota Corolla Hybrid SE,"$30,985",Keystone Quality Motors,Automatic,All-Wheel Drive,Hybrid,0,9 reviews,"New Holland, PA (68 mi.)","20,830 mi."
2023 Hyundai Santa Fe Limited,"$38,024",Faulkner Hyundai Harrisburg,Automatic,All-Wheel Drive,Hybrid,4.3,673 reviews,"Harrisburg, PA (71 mi.)","5,853 mi."
2020 Ford Escape Titanium,"$24,500",Forrester Lincoln,Automatic,All-Wheel Drive,Hybrid,5,"1,401 reviews","Chambersburg, PA (71 mi.)","32,255 mi."
2024 Mazda CX-90 PHEV Preferred,"$43,990",Freysinger Hyundai,Automatic,All-Wheel Drive,Hybrid,0,902 reviews,"Mechanicsburg, PA (72 mi.)","3,483 mi."
2021 Hyundai Santa Fe SEL 2.4,"$29,900",Braxton Motor Company,Automatic,All-Wheel Drive,Hybrid,0,7 reviews,"Ephrata, PA (72 mi.)","35,378 mi."
2021 Hyundai Santa Fe SEL 2.4,"$26,900",Twin Pine Ford,Automatic,All-Wheel Drive,Hybrid,4.7,"1,007 reviews","Ephrata, PA (73 mi.)","32,713 mi."
2023 Hyundai Santa Fe Plug-In Hybrid SEL Convenience,"$36,999",Colonial Hyundai,Automatic,All-Wheel Drive,Hybrid,3.6,"2,148 reviews","Downingtown, PA (73 mi.)","13,593 mi."
2018 Ford F-150 Raptor,"$40,662",Al Packer Ford,Automatic,All-Wheel Drive,Hybrid,4.2,"2,172 reviews","Baltimore, MD (15 mi.)","90,877 mi."
2020 Toyota RAV4 Hybrid SE,"$29,500",Ourisman Kia of Catonsville,Automatic,All-Wheel Drive,Hybrid,0,1 review,"Woodlawn, MD (6 mi.)","58,854 mi."
2021 Ford Escape Titanium,"$23,500",Koons Ford of Baltimore,Automatic,All-Wheel Drive,Hybrid,4.2,"1,795 reviews","Windsor Mill, MD (7 mi.)","36,640 mi."
2023 Ford Escape Active,"$24,800",Heritage Honda,Automatic,All-Wheel Drive,Hybrid,4.9,"3,668 reviews","Parkville, MD (14 mi.)","35,925 mi."
2020 Porsche Cayenne E-Hybrid S,"$46,750",Koons Clarksville Chevy Buick GMC,Automatic,All-Wheel Drive,Hybrid,4.5,502 reviews,"Clarksville, MD (15 mi.)","53,156 mi."
2023 Hyundai Santa Fe SEL 2.4,"$34,000",Heritage Chrysler Jeep Dodge RAM Owings Mills,Automatic,All-Wheel Drive,Hybrid,4.5,"2,445 reviews","Owings Mills, MD (15 mi.)","7,343 mi."
2020 Honda CR-V Hybrid EX,"$19,798",AutoNation Subaru Hunt Valley,Automatic,All-Wheel Drive,Hybrid,4.9,364 reviews,"Cockeysville, MD (16 mi.)","112,642 mi."
2022 Toyota RAV4 Hybrid SE,"$33,500",Koons Chevrolet of White Marsh,Automatic,All-Wheel Drive,Hybrid,4.7,"1,753 reviews","White Marsh, MD (16 mi.)","45,133 mi."
2021 Volvo S60 Recharge Plug-In Hybrid T8 R-Design Expression,"$35,000",Volvo Cars Silver Spring,Automatic,All-Wheel Drive,Hybrid,4.9,"1,949 reviews","Silver Spring, MD (19 mi.)","18,628 mi."
2023 Honda CR-V Hybrid Sport Touring,"$35,000",DARCARS Toyota Silver Spring,Automatic,All-Wheel Drive,Hybrid,4.3,973 reviews,"Silver Spring, MD (20 mi.)","13,975 mi."
2017 Toyota RAV4 Hybrid XLE,"$21,500",DARCARS Toyota Silver Spring,Automatic,All-Wheel Drive,Hybrid,4.3,973 reviews,"Silver Spring, MD (20 mi.)","47,203 mi."
2019 Porsche Cayenne E-Hybrid Base,"$31,999",Porsche Bethesda,Automatic,All-Wheel Drive,Hybrid,4.9,392 reviews,"North Bethesda, MD (27 mi.)","93,378 mi."
2019 Volvo XC60 Recharge Plug-In Hybrid T8 R-Design,"$32,980",DARCARS Volvo Cars,Automatic,All-Wheel Drive,Hybrid,4.5,360 reviews,"Rockville, MD (28 mi.)","39,640 mi."
2020 Toyota RAV4 Hybrid Limited,"$31,000",Koons Arlington Toyota,Automatic,All-Wheel Drive,Hybrid,4.1,684 reviews,"Arlington, VA (34 mi.)","56,740 mi."
2024 Lexus TX 500h 500H F PREMIUM,"$78,000",Koons Tysons Toyota,Automatic,All-Wheel Drive,Hybrid,4.7,"2,443 reviews","Vienna, VA (37 mi.)","8,311 mi."
2018 BMW 530e xDrive iPerformance,"$22,900",AP Fairfax,Automatic,All-Wheel Drive,Hybrid,0,504 reviews,"Fairfax, VA (42 mi.)","61,959 mi."
2021 Honda CR-V Hybrid EX,"$23,429",Hertz Car Sales Springfield,Automatic,All-Wheel Drive,Hybrid,0,4 reviews,"Springfield, VA (42 mi.)","65,282 mi."
2022 Porsche Cayenne E-Hybrid S,"$88,588",Washington Exotics,Automatic,All-Wheel Drive,Hybrid,0,5 reviews,"Sterling, VA (44 mi.)","9,450 mi."
2024 Volvo S60 Recharge Plug-In Hybrid T8 Ultimate Black Edition,"$51,534",Beyer Volvo Cars Dulles,Automatic,All-Wheel Drive,Hybrid,0,471 reviews,"Sterling, VA (44 mi.)","2,880 mi."
2022 Honda CR-V Hybrid EX-L,"$28,750",Faulkner Honda,Automatic,All-Wheel Drive,Hybrid,4.8,821 reviews,"Harrisburg, PA (71 mi.)","65,049 mi."
2018 Ford F-150 Raptor,"$40,662",Al Packer Ford,Automatic,All-Wheel Drive,Hybrid,4.2,"2,172 reviews","Baltimore, MD (15 mi.)","90,877 mi."
2024 Honda CR-V Hybrid Sport Touring,"$39,552",Honda of Owings Mills,Automatic,All-Wheel Drive,Hybrid,4.5,"1,125 reviews","Owings Mills, MD (13 mi.)","16,451 mi."
2020 Ford Escape Titanium,"$23,400",Heritage Chrysler Jeep Dodge RAM Owings Mills,Automatic,All-Wheel Drive,Hybrid,4.5,"2,445 reviews","Owings Mills, MD (15 mi.)","32,324 mi."
2021 Volvo XC90 Recharge Plug-In Hybrid T8 Inscription Expression 6 Passenger,"$43,000",Volvo Cars Silver Spring,Automatic,All-Wheel Drive,Hybrid,4.9,"1,949 reviews","Silver Spring, MD (19 mi.)","31,139 mi."
2024 Toyota RAV4 Hybrid Woodland Edition,"$36,500",DARCARS Toyota Silver Spring,Automatic,All-Wheel Drive,Hybrid,4.3,973 reviews,"Silver Spring, MD (20 mi.)","5,022 mi."
2024 Toyota RAV4 Hybrid XLE,"$36,000",DARCARS Toyota Silver Spring,Automatic,All-Wheel Drive,Hybrid,4.3,973 reviews,"Silver Spring, MD (20 mi.)","5,061 mi."
2024 Toyota RAV4 Hybrid XLE,"$36,000",DARCARS Toyota Silver Spring,Automatic,All-Wheel Drive,Hybrid,4.3,973 reviews,"Silver Spring, MD (20 mi.)","4,656 mi."
2023 Hyundai Tucson Plug-In Hybrid Limited,"$33,988",Genesis of Rockville,Automatic,All-Wheel Drive,Hybrid,0,2 reviews,"Rockville, MD (27 mi.)","5,374 mi."
2023 Hyundai Tucson Plug-In Hybrid Limited,"$33,888",Fitzgerald Hyundai Rockville,Automatic,All-Wheel Drive,Hybrid,3.1,499 reviews,"Rockville, MD (27 mi.)","7,430 mi."
2022 Porsche Cayenne E-Hybrid S,"$77,497",Porsche Bethesda,Automatic,All-Wheel Drive,Hybrid,4.9,392 reviews,"North Bethesda, MD (27 mi.)","31,680 mi."
2022 Honda CR-V Hybrid EX,"$27,000",Heritage Honda of Westminster,Automatic,All-Wheel Drive,Hybrid,4.8,"3,160 reviews","Westminster, MD (28 mi.)","52,051 mi."
2023 Volvo XC90 Recharge Plug-In Hybrid T8 Ultimate Dark Theme 7-Seater,"$64,280",DARCARS Volvo Cars,Automatic,All-Wheel Drive,Hybrid,4.5,360 reviews,"Rockville, MD (28 mi.)","13,809 mi."
2021 Hyundai Santa Fe Limited,"$25,000",Koons of Tysons Chevrolet Buick GMC,Automatic,All-Wheel Drive,Hybrid,4.5,"1,204 reviews","Vienna, VA (38 mi.)","53,556 mi."
2021 Honda CR-V Hybrid EX-L,"$29,625",Rosenthal Landmark Honda,Automatic,All-Wheel Drive,Hybrid,4.8,"1,919 reviews","Alexandria, VA (38 mi.)","23,780 mi."
2020 Honda CR-V Hybrid Touring,"$27,950",Sheehy Honda,Automatic,All-Wheel Drive,Hybrid,4.8,"1,487 reviews","Alexandria, VA (40 mi.)","31,286 mi."
2021 Volvo XC90 Recharge Plug-In Hybrid T8 Inscription Expression 6 Passenger,"$42,000",Beyer Volvo Cars Dulles,Automatic,All-Wheel Drive,Hybrid,0,471 reviews,"Sterling, VA (44 mi.)","35,504 mi."
2021 Toyota RAV4 Hybrid XLE,"$29,500",Toyota of Woodbridge,Automatic,All-Wheel Drive,Hybrid,4.5,"1,263 reviews","Woodbridge, VA (52 mi.)","52,261 mi."
2022 Hyundai Santa Fe HEV Blue,"$23,500",Koons Woodbridge Buick GMC,Automatic,All-Wheel Drive,Hybrid,4,100 reviews,"Woodbridge, VA (53 mi.)","61,804 mi."
2021 Volvo S60 Recharge Plug-In Hybrid T8 Inscription,"$32,252",Volvo Cars Hagerstown,Automatic,All-Wheel Drive,Hybrid,0,1 review,"Hagerstown, MD (60 mi.)","45,179 mi."
2024 Toyota RAV4 Hybrid XLE Premium,"$37,611",Heritage Toyota CDJR of Harrisburg,Automatic,All-Wheel Drive,Hybrid,4.8,"4,892 reviews","Harrisburg, PA (76 mi.)","9,110 mi."
2018 Ford F-150 Raptor,"$40,662",Al Packer Ford,Automatic,All-Wheel Drive,Hybrid,4.2,"2,172 reviews","Baltimore, MD (15 mi.)","90,877 mi."
2017 Toyota RAV4 Hybrid XLE,"$22,779",Bob Bell Chevrolet,Automatic,All-Wheel Drive,Hybrid,4.2,444 reviews,"Baltimore, MD (9 mi.)","50,420 mi."
2017 Toyota Highlander Hybrid XLE,"$23,990",Antwerpen Toyota,Automatic,All-Wheel Drive,Hybrid,4.5,"1,419 reviews","Clarksville, MD (15 mi.)","105,779 mi."
2024 Toyota Corolla Hybrid L,"$30,000",DARCARS Toyota Silver Spring,Automatic,All-Wheel Drive,Hybrid,4.3,973 reviews,"Silver Spring, MD (20 mi.)","2,066 mi."
2022 Honda CR-V Hybrid Touring,"$31,991",Mercedes-Benz of Annapolis,Automatic,All-Wheel Drive,Hybrid,4.9,"3,279 reviews","Annapolis, MD (22 mi.)","42,882 mi."
2021 Volvo S60 Recharge Plug-In Hybrid T8 R-Design Expression,"$29,980",DARCARS Volvo Cars,Automatic,All-Wheel Drive,Hybrid,4.5,360 reviews,"Rockville, MD (28 mi.)","41,234 mi."
2020 Toyota RAV4 Hybrid Limited,"$27,840",DARCARS Chrysler Dodge Jeep Ram of Rockville,Automatic,All-Wheel Drive,Hybrid,4,356 reviews,"Rockville, MD (28 mi.)","106,131 mi."
2024 Kia Sportage Hybrid LX,"$29,991",Hersons Kia,Automatic,All-Wheel Drive,Hybrid,4.6,542 reviews,"Rockville, MD (28 mi.)","3,795 mi."
2024 Toyota RAV4 Hybrid SE,"$38,000",Koons Arlington Toyota,Automatic,All-Wheel Drive,Hybrid,4.1,684 reviews,"Arlington, VA (34 mi.)","5,721 mi."
2021 Volvo XC90 Recharge Plug-In Hybrid T8 R-Design 7 Passenger,"$45,500",Koons of Tysons Chevrolet Buick GMC,Automatic,All-Wheel Drive,Hybrid,4.5,"1,204 reviews","Vienna, VA (38 mi.)","31,146 mi."
2020 Porsche Cayenne E-Hybrid S,"$53,985",Passport INFINITI of Alexandria,Automatic,All-Wheel Drive,Hybrid,4.1,425 reviews,"Alexandria, VA (39 mi.)","37,067 mi."
2021 Hyundai Santa Fe HEV Blue,"$24,900",Ourisman Subaru VW of Waldorf,Automatic,All-Wheel Drive,Hybrid,2.9,163 reviews,"Waldorf, MD (43 mi.)","39,180 mi."
2011 Lexus RX 450h Base,"$10,400",AutoNation Honda Dulles,Automatic,All-Wheel Drive,Hybrid,4.6,"3,412 reviews","Sterling, VA (44 mi.)","182,884 mi."
2021 BMW X3 PHEV xDrive30e,"$36,782",BMW of Sterling,Automatic,All-Wheel Drive,Hybrid,3.6,"1,140 reviews","Sterling, VA (44 mi.)","16,783 mi."
2023 Audi Q8 Premium Plus,"$62,981",Pohanka Acura,Automatic,All-Wheel Drive,Hybrid,4.7,"1,743 reviews","Chantilly, VA (47 mi.)","15,898 mi."
2016 BMW X5 eDrive xDrive40e,"$15,995",Kingstowne Motorcars,Automatic,All-Wheel Drive,Hybrid,4.2,676 reviews,"Manassas, VA (57 mi.)","87,376 mi."
2020 Ford Escape SE,"$20,600",Winner Ford Hyundai,Automatic,All-Wheel Drive,Hybrid,0,934 reviews,"Dover, DE (63 mi.)","55,491 mi."
2021 BMW X7 xDrive40i,"$45,590",Union Park Honda BMW Buick GMC Volvo Cars Jaguar,Automatic,All-Wheel Drive,Hybrid,3.4,554 reviews,"Wilmington, DE (70 mi.)","58,363 mi."
2023 Kia Sportage Hybrid SX-Prestige,"$34,990","Delaware Cadillac, Subaru, Kia",Automatic,All-Wheel Drive,Hybrid,0,399 reviews,"Wilmington, DE (70 mi.)","27,287 mi."
2021 Ford Escape Titanium,"$24,900",Twin Pine Ford,Automatic,All-Wheel Drive,Hybrid,4.7,"1,007 reviews","Ephrata, PA (73 mi.)","30,069 mi."
2018 Ford F-150 Raptor,"$40,662",Al Packer Ford,Automatic,All-Wheel Drive,Hybrid,4.2,"2,172 reviews","Baltimore, MD (15 mi.)","90,877 mi."
2023 Volvo XC90 Recharge Plug-In Hybrid T8 Ultimate Bright Theme 7-Seater,"$61,000",Koons Volvo Cars White Marsh,Automatic,All-Wheel Drive,Hybrid,4.2,410 reviews,"White Marsh, MD (16 mi.)","16,363 mi."
2024 Volvo XC90 Recharge Plug-In Hybrid T8 Ultimate 6-Seater,"$68,000",Koons Volvo Cars White Marsh,Automatic,All-Wheel Drive,Hybrid,4.2,410 reviews,"White Marsh, MD (16 mi.)","7,541 mi."
2021 Volvo XC90 Recharge Plug-In Hybrid T8 Inscription Expression 7 Passenger,"$34,500",Koons Volvo Cars White Marsh,Automatic,All-Wheel Drive,Hybrid,4.2,410 reviews,"White Marsh, MD (16 mi.)","68,621 mi."
2024 Volvo XC90 Recharge Plug-In Hybrid T8 Plus 6-Seater,"$60,000",Koons Volvo Cars White Marsh,Automatic,All-Wheel Drive,Hybrid,4.2,410 reviews,"White Marsh, MD (16 mi.)","7,576 mi."
2022 Toyota RAV4 Hybrid LE,"$30,799",Toyota Certified at Capital Plaza,Automatic,All-Wheel Drive,Hybrid,4.6,146 reviews,"Landover Hills, MD (25 mi.)","47,518 mi."
2021 BMW 330e xDrive,"$40,070",BMW of Rockville,Automatic,All-Wheel Drive,Hybrid,4.6,"2,722 reviews","Rockville, MD (27 mi.)","10,515 mi."
2024 Lexus TX 500h Luxury,"$81,000",Koons Tysons Toyota,Automatic,All-Wheel Drive,Hybrid,4.7,"2,443 reviews","Vienna, VA (37 mi.)","3,016 mi."
2019 Acura MDX Sport Hybrid Technology Package,"$29,000",Koons Sterling Ford,Automatic,All-Wheel Drive,Hybrid,4,982 reviews,"Sterling, VA (41 mi.)","54,374 mi."
2021 Volvo XC90 Recharge Plug-In Hybrid T8 Inscription 7 Passenger,"$45,050",Beyer Volvo Cars Dulles,Automatic,All-Wheel Drive,Hybrid,0,471 reviews,"Sterling, VA (44 mi.)","29,900 mi."
2021 BMW 530e 530e xDrive,"$33,486",BMW of Sterling,Automatic,All-Wheel Drive,Hybrid,3.6,"1,140 reviews","Sterling, VA (44 mi.)","36,553 mi."
2023 Honda CR-V Hybrid Sport Touring,"$35,995",DARCARS Honda Fairfax,Automatic,All-Wheel Drive,Hybrid,4.5,476 reviews,"Fairfax, VA (44 mi.)","50,066 mi."
2023 Kia Sportage Hybrid EX,"$27,995",Kia of Waldorf,Automatic,All-Wheel Drive,Hybrid,4.8,403 reviews,"Waldorf, MD (45 mi.)","25,653 mi."
2022 Toyota RAV4 Hybrid XLE Premium,"$34,750",Koons Easton Toyota,Automatic,All-Wheel Drive,Hybrid,4.7,521 reviews,"Easton, MD (48 mi.)","37,118 mi."
2021 Audi A6 Premium Plus,"$36,990",Hyundai of Chantilly,Automatic,All-Wheel Drive,Hybrid,4,866 reviews,"Chantilly, VA (49 mi.)","31,449 mi."
2024 Hyundai Tucson Plug-In Hybrid Limited,"$33,000",Koons Woodbridge Buick GMC,Automatic,All-Wheel Drive,Hybrid,4,100 reviews,"Woodbridge, VA (53 mi.)","17,855 mi."
2022 Toyota RAV4 Hybrid SE,"$37,587",Chapman Ford Columbia,Automatic,All-Wheel Drive,Hybrid,4.1,117 reviews,"Columbia, PA (57 mi.)","24,323 mi."
2024 Hyundai Tucson Hybrid Limited,"$36,358",Hertrich Hyundai of New Castle,Automatic,All-Wheel Drive,Hybrid,4,319 reviews,"New Castle, DE (65 mi.)","19,371 mi."
2024 Toyota RAV4 Hybrid XLE,"$35,995",Budget Car Sales,Automatic,All-Wheel Drive,Hybrid,4.9,422 reviews,"Middletown, PA (67 mi.)","6,792 mi."
2021 Ford Escape Titanium,"$25,900",Twin Pine Ford,Automatic,All-Wheel Drive,Hybrid,4.7,"1,007 reviews","Ephrata, PA (73 mi.)","16,167 mi."
2022 Hyundai Tucson Hybrid SEL Convenience,"$22,495",Piazza Hyundai of West Chester,Automatic,All-Wheel Drive,Hybrid,3.5,472 reviews,"West Chester, PA (75 mi.)","51,696 mi."
2018 Ford F-150 Raptor,"$40,662",Al Packer Ford,Automatic,All-Wheel Drive,Hybrid,4.2,"2,172 reviews","Baltimore, MD (15 mi.)","90,877 mi."
2019 Toyota Highlander Hybrid Platinum,"$23,900",Tate Used Cars,Automatic,All-Wheel Drive,Hybrid,0,13 reviews,"Glen Burnie, MD (6 mi.)","128,849 mi."
2023 Hyundai Tucson Hybrid SEL Convenience,"$24,000",Heritage Hyundai Towson,Automatic,All-Wheel Drive,Hybrid,4.8,"3,513 reviews","Towson, MD (13 mi.)","85,000 mi."
2020 Toyota RAV4 Hybrid SE,"$29,885",Ourisman Hyundai,Automatic,All-Wheel Drive,Hybrid,3.5,925 reviews,"Laurel, MD (13 mi.)","53,680 mi."
2023 Kia Sorento Hybrid SX Prestige,"$37,000",Koons Kia Owings Mills,Automatic,All-Wheel Drive,Hybrid,3.4,220 reviews,"Owings Mills, MD (13 mi.)","8,178 mi."
2021 Volvo S60 Recharge Plug-In Hybrid T8 R-Design Expression,"$29,400",Koons Clarksville Chevy Buick GMC,Automatic,All-Wheel Drive,Hybrid,4.5,502 reviews,"Clarksville, MD (15 mi.)","41,010 mi."
2024 Volvo XC90 Recharge Plug-In Hybrid T8 Ultimate Bright Theme 7-Seater,"$67,000",Koons Volvo Cars White Marsh,Automatic,All-Wheel Drive,Hybrid,4.2,410 reviews,"White Marsh, MD (16 mi.)","6,167 mi."
2024 Volvo XC60 Recharge Plug-In Hybrid T8 Ultimate Dark Theme,"$59,500",Koons Volvo Cars White Marsh,Automatic,All-Wheel Drive,Hybrid,4.2,410 reviews,"White Marsh, MD (16 mi.)","6,144 mi."
2024 Volvo XC60 Recharge Plug-In Hybrid T8 Plus Dark Theme,"$51,958",Volvo Cars Annapolis,Automatic,All-Wheel Drive,Hybrid,4.7,"2,564 reviews","Annapolis, MD (20 mi.)","20,978 mi."
2022 Volvo XC90 Recharge Plug-In Hybrid T8 Inscription 7 Passenger,"$48,980",DARCARS Volvo Cars,Automatic,All-Wheel Drive,Hybrid,4.5,360 reviews,"Rockville, MD (28 mi.)","42,519 mi."
2024 Volvo XC90 Recharge Plug-In Hybrid T8 Ultimate Bright Theme 7-Seater,"$69,980",DARCARS Volvo Cars,Automatic,All-Wheel Drive,Hybrid,4.5,360 reviews,"Rockville, MD (28 mi.)","9,172 mi."
2023 Volvo XC90 Recharge Plug-In Hybrid T8 Ultimate Bright Theme 7-Seater,"$58,274",Ourisman Kia of Bethesda,Automatic,All-Wheel Drive,Hybrid,0,2 reviews,"Bethesda, MD (29 mi.)","28,305 mi."
2021 Toyota RAV4 Hybrid XLE Premium,"$33,750",Jim Coleman Toyota,Automatic,All-Wheel Drive,Hybrid,4.6,"1,310 reviews","Bethesda, MD (30 mi.)","17,554 mi."
2022 Honda CR-V Hybrid Touring,"$31,895",DARCARS Honda Fairfax,Automatic,All-Wheel Drive,Hybrid,4.5,476 reviews,"Fairfax, VA (44 mi.)","60,482 mi."
2023 Toyota Highlander Hybrid LE,"$39,000",Koons Woodbridge Buick GMC,Automatic,All-Wheel Drive,Hybrid,4,100 reviews,"Woodbridge, VA (53 mi.)","26,217 mi."
2024 Hyundai Tucson Hybrid Limited,"$36,998","Lancaster County Motors, Inc.",Automatic,All-Wheel Drive,Hybrid,4.8,908 reviews,"East Petersburg, PA (62 mi.)","5,250 mi."
2022 Hyundai Tucson Hybrid Limited,"$25,900",Chambersburg Hyundai,Automatic,All-Wheel Drive,Hybrid,0,2 reviews,"Chambersburg, PA (68 mi.)","72,791 mi."
2022 Hyundai Tucson Hybrid SEL Convenience,"$24,133",Chambersburg Hyundai,Automatic,All-Wheel Drive,Hybrid,0,2 reviews,"Chambersburg, PA (68 mi.)","40,845 mi."
2022 Kia Sorento SX,"$32,999","Delaware Cadillac, Subaru, Kia",Automatic,All-Wheel Drive,Hybrid,0,399 reviews,"Wilmington, DE (70 mi.)","34,930 mi."
2024 BMW 530 530i xDrive,"$66,595",Union Park Honda BMW Buick GMC Volvo Cars Jaguar,Automatic,All-Wheel Drive,Hybrid,3.4,554 reviews,"Wilmington, DE (70 mi.)","5,951 mi."
2024 Hyundai Tucson Hybrid N Line,"$32,995",Piazza Hyundai of West Chester,Automatic,All-Wheel Drive,Hybrid,3.5,472 reviews,"West Chester, PA (75 mi.)","6,821 mi."
2018 Ford F-150 Raptor,"$40,662",Al Packer Ford,Automatic,All-Wheel Drive,Hybrid,4.2,"2,172 reviews","Baltimore, MD (15 mi.)","90,877 mi."
2024 Mazda CX-90 PHEV Premium,"$42,500",Heritage Toyota Catonsville,Automatic,All-Wheel Drive,Hybrid,4.3,"1,794 reviews","Baltimore, MD (6 mi.)","7,839 mi."
2021 Toyota RAV4 Hybrid SE,"$32,497",J.B.A. Chevrolet,Automatic,All-Wheel Drive,Hybrid,4.6,841 reviews,"Glen Burnie, MD (6 mi.)","39,247 mi."
2021 Ford Escape SE,"$19,694",AutoNation Chevrolet Laurel,Automatic,All-Wheel Drive,Hybrid,4.5,714 reviews,"Laurel, MD (14 mi.)","39,191 mi."
2024 Volvo XC90 Recharge Plug-In Hybrid T8 Plus 6-Seater,"$59,996",Audi Rockville,Automatic,All-Wheel Drive,Hybrid,4.7,"1,892 reviews","Rockville, MD (27 mi.)","3,746 mi."
2023 Toyota Highlander Hybrid Limited,"$47,203",DARCARS Chrysler Dodge Jeep Ram of Rockville,Automatic,All-Wheel Drive,Hybrid,4,356 reviews,"Rockville, MD (28 mi.)","17,665 mi."
2022 Audi A3 Premium Plus,"$26,995",Rosenthal Acura,Automatic,All-Wheel Drive,Hybrid,4.2,295 reviews,"Gaithersburg, MD (30 mi.)","14,481 mi."
2021 Volvo XC90 Recharge Plug-In Hybrid T8 Inscription 7 Passenger,"$35,579",DARCARS KIA Temple Hills,Automatic,All-Wheel Drive,Hybrid,2.7,229 reviews,"Temple Hills, MD (32 mi.)","78,530 mi."
2023 Hyundai Santa Fe Limited,"$39,495",Alexandria Toyota,Automatic,All-Wheel Drive,Hybrid,4.5,601 reviews,"Alexandria, VA (35 mi.)","4,591 mi."
2023 Honda CR-V Hybrid Sport,"$31,000",Koons Tysons Chrysler Dodge Jeep RAM,Automatic,All-Wheel Drive,Hybrid,3.7,984 reviews,"Vienna, VA (38 mi.)","17,602 mi."
2021 Audi Q8 Premium,"$40,655",Rosenthal Landmark Honda,Automatic,All-Wheel Drive,Hybrid,4.8,"1,919 reviews","Alexandria, VA (38 mi.)","50,067 mi."
2019 Porsche Cayenne E-Hybrid S,"$49,985",Passport INFINITI of Alexandria,Automatic,All-Wheel Drive,Hybrid,4.1,425 reviews,"Alexandria, VA (39 mi.)","20,659 mi."
2022 Hyundai Tucson Hybrid Blue,"$23,800",Giambalvo Hyundai of Hanover,Automatic,All-Wheel Drive,Hybrid,5,23 reviews,"Hanover, PA (43 mi.)","65,873 mi."
2022 Volvo XC90 Recharge Plug-In Hybrid T8 Inscription 7 Passenger,"$46,995",AutoNation Honda Dulles,Automatic,All-Wheel Drive,Hybrid,4.6,"3,412 reviews","Sterling, VA (44 mi.)","26,977 mi."
2020 Toyota RAV4 Hybrid XLE,"$28,293",Gene Latta Ford,Automatic,All-Wheel Drive,Hybrid,4.7,155 reviews,"Hanover, PA (45 mi.)","38,902 mi."
2023 Land Rover Range Rover SE,"$123,224",Jaguar Land Rover Chantilly,Automatic,All-Wheel Drive,Hybrid,4.4,426 reviews,"Chantilly, VA (48 mi.)","20,528 mi."
2023 Land Rover Range Rover SE,"$110,970",Jaguar Land Rover Chantilly,Automatic,All-Wheel Drive,Hybrid,4.4,426 reviews,"Chantilly, VA (48 mi.)","18,307 mi."
2024 Honda CR-V Hybrid Sport-L,"$35,995",Hertrich Chrysler Dodge Jeep Ram of Elkton,Automatic,All-Wheel Drive,Hybrid,4.7,298 reviews,"Elkton, MD (54 mi.)","10,992 mi."
2023 Kia Sportage Hybrid EX,"$25,995",Winner Subaru,Automatic,All-Wheel Drive,Hybrid,4.6,645 reviews,"Dover, DE (61 mi.)","57,681 mi."
2024 BMW X5 M Competition,"$115,990",Union Park Honda BMW Buick GMC Volvo Cars Jaguar,Automatic,All-Wheel Drive,Hybrid,3.4,554 reviews,"Wilmington, DE (70 mi.)","12,155 mi."
2024 BMW 530 530i xDrive,"$68,945",Union Park Honda BMW Buick GMC Volvo Cars Jaguar,Automatic,All-Wheel Drive,Hybrid,3.4,554 reviews,"Wilmington, DE (70 mi.)","6,292 mi."
2018 Ford F-150 Raptor,"$40,662",Al Packer Ford,Automatic,All-Wheel Drive,Hybrid,4.2,"2,172 reviews","Baltimore, MD (15 mi.)","90,877 mi."
2023 Hyundai Santa Fe Limited,"$38,000",Ourisman Hyundai of Bowie,Automatic,All-Wheel Drive,Hybrid,3.4,835 reviews,"Bowie, MD (23 mi.)","5,828 mi."
2024 Honda CR-V Hybrid Sport,"$35,499",DARCARS Chrysler Dodge Jeep Ram of Rockville,Automatic,All-Wheel Drive,Hybrid,4,356 reviews,"Rockville, MD (28 mi.)","9,874 mi."
2022 Volvo XC60 Recharge Plug-In Hybrid T8 Inscription Expression,"$38,899",Ourisman Volvo of Bethesda,Automatic,All-Wheel Drive,Hybrid,0,2 reviews,"Bethesda, MD (29 mi.)","35,356 mi."
2024 Mazda CX-90 3.3 Turbo S,"$49,888",Rosenthal Gaithersburg Mazda,Automatic,All-Wheel Drive,Hybrid,0,47 reviews,"Gaithersburg, MD (30 mi.)","3,100 mi."
2022 Honda CR-V Hybrid EX,"$24,446",Koons of Falls Church Ford,Automatic,All-Wheel Drive,Hybrid,3.8,"1,082 reviews","Falls Church, VA (37 mi.)","92,106 mi."
2022 Honda CR-V Hybrid Touring,"$28,990",Ourisman Honda of Frederick,Automatic,All-Wheel Drive,Hybrid,4.5,"1,065 reviews","Frederick, MD (41 mi.)","64,846 mi."
2023 Hyundai Santa Fe Limited,"$32,500",Safford Hyundai of Springfield,Automatic,All-Wheel Drive,Hybrid,3.5,656 reviews,"Springfield, VA (44 mi.)","26,018 mi."
2021 BMW X5 PHEV xDrive45e,"$41,997",BMW of Sterling,Automatic,All-Wheel Drive,Hybrid,3.6,"1,140 reviews","Sterling, VA (44 mi.)","49,963 mi."
2024 Toyota RAV4 Hybrid XLE,"$36,995",Sheehy Hyundai of Waldorf,Automatic,All-Wheel Drive,Hybrid,4.4,"1,574 reviews","Waldorf, MD (44 mi.)","6,360 mi."
2017 Toyota RAV4 Hybrid XLE,"$23,593",Gene Latta Ford,Automatic,All-Wheel Drive,Hybrid,4.7,155 reviews,"Hanover, PA (45 mi.)","66,592 mi."
2020 Lincoln Aviator Grand Touring,"$37,495",Maximum Auto Outlet,Automatic,All-Wheel Drive,Hybrid,2.4,437 reviews,"Manassas Park, VA (53 mi.)","42,438 mi."
2021 Ford Escape SEL,"$18,500",Koons Woodbridge Ford,Automatic,All-Wheel Drive,Hybrid,4.3,511 reviews,"Woodbridge, VA (53 mi.)","58,861 mi."
2021 Toyota RAV4 Hybrid SE,"$29,777",Premier Automotive,Automatic,All-Wheel Drive,Hybrid,3.2,235 reviews,"Dumfries, VA (58 mi.)","24,885 mi."
2023 Mercedes-Benz GLS 450 Base,"$72,849",Land Rover Wilmington,Automatic,All-Wheel Drive,Hybrid,4.9,133 reviews,"Wilmington, DE (65 mi.)","23,229 mi."
2023 Kia Sportage Hybrid SX-Prestige,"$33,987",Morgan Automotive Inc.,Automatic,All-Wheel Drive,Hybrid,5,"1,000 reviews","Manheim, PA (65 mi.)","21,739 mi."
2021 Toyota Highlander Hybrid XLE,"$36,995",Kyner's Auto Sales Inc.,Automatic,All-Wheel Drive,Hybrid,4.8,710 reviews,"Chambersburg, PA (68 mi.)","50,555 mi."
2019 Toyota RAV4 Hybrid XLE,"$27,488",Fitzgerald Nissan Chambersburg,Automatic,All-Wheel Drive,Hybrid,0,6 reviews,"Chambersburg, PA (69 mi.)","47,990 mi."
2022 BMW X5 xDrive40i,"$49,990",Union Park Honda BMW Buick GMC Volvo Cars Jaguar,Automatic,All-Wheel Drive,Hybrid,3.4,554 reviews,"Wilmington, DE (70 mi.)","33,169 mi."
2023 Kia Sorento Hybrid SX Prestige,"$36,475",Kia of Coatesville,Automatic,All-Wheel Drive,Hybrid,4.2,476 reviews,"Coatesville, PA (71 mi.)","36,260 mi."
2023 Kia Sorento Hybrid EX,"$35,299",Kia of Coatesville,Automatic,All-Wheel Drive,Hybrid,4.2,476 reviews,"Coatesville, PA (71 mi.)","14,575 mi."
2018 Ford F-150 Raptor,"$40,662",Al Packer Ford,Automatic,All-Wheel Drive,Hybrid,4.2,"2,172 reviews","Baltimore, MD (15 mi.)","90,877 mi."
2021 Ford Escape Titanium,"$23,800",Koons Chevrolet of White Marsh,Automatic,All-Wheel Drive,Hybrid,4.7,"1,753 reviews","White Marsh, MD (16 mi.)","39,321 mi."
2024 Volvo S60 Recharge Plug-In Hybrid T8 Plus Dark Theme,"$42,975",Ourisman Volvo of Bethesda,Automatic,All-Wheel Drive,Hybrid,0,2 reviews,"Bethesda, MD (29 mi.)","2,031 mi."
2023 Toyota RAV4 Hybrid SE,"$36,200",Jim Coleman Toyota,Automatic,All-Wheel Drive,Hybrid,4.6,"1,310 reviews","Bethesda, MD (30 mi.)","6,905 mi."
2020 Toyota RAV4 Hybrid Limited,"$30,500",Koons of Tysons Chevrolet Buick GMC,Automatic,All-Wheel Drive,Hybrid,4.5,"1,204 reviews","Vienna, VA (38 mi.)","34,950 mi."
2021 Lincoln Aviator Grand Touring,"$45,000",Jim McKay Chevrolet,Automatic,All-Wheel Drive,Hybrid,2.5,307 reviews,"Fairfax, VA (43 mi.)","22,117 mi."
2018 Toyota RAV4 Hybrid XLE,"$19,000",Giambalvo Hyundai of Hanover,Automatic,All-Wheel Drive,Hybrid,5,23 reviews,"Hanover, PA (43 mi.)","93,652 mi."
2021 Toyota RAV4 Hybrid XLE,"$32,500",Giambalvo Hyundai of Hanover,Automatic,All-Wheel Drive,Hybrid,5,23 reviews,"Hanover, PA (43 mi.)","26,808 mi."
2021 BMW 330e xDrive,"$31,515",BMW of Sterling,Automatic,All-Wheel Drive,Hybrid,3.6,"1,140 reviews","Sterling, VA (44 mi.)","30,195 mi."
2021 BMW 530e 530e xDrive,"$35,189",BMW of Sterling,Automatic,All-Wheel Drive,Hybrid,3.6,"1,140 reviews","Sterling, VA (44 mi.)","19,300 mi."
2023 BMW 540 540i xDrive,"$50,480",Jaguar Land Rover Chantilly,Automatic,All-Wheel Drive,Hybrid,4.4,426 reviews,"Chantilly, VA (48 mi.)","10,667 mi."
2022 Volvo XC60 Recharge Plug-In Hybrid T8 Polestar Engineered,"$48,555",Ted Britt Ford Lincoln of Chantilly,Automatic,All-Wheel Drive,Hybrid,2.9,"1,277 reviews","Chantilly, VA (48 mi.)","23,375 mi."
2021 Volvo XC90 Recharge Plug-In Hybrid T8 Inscription Expression 6 Passenger,"$33,250",Koons Woodbridge Ford,Automatic,All-Wheel Drive,Hybrid,4.3,511 reviews,"Woodbridge, VA (53 mi.)","65,444 mi."
2019 Toyota RAV4 Hybrid LE,"$19,950",Z Motor Company Inc.,Automatic,All-Wheel Drive,Hybrid,5,124 reviews,"East Petersburg, PA (62 mi.)","117,650 mi."
2024 BMW 530 530i xDrive,"$66,945",Union Park Honda BMW Buick GMC Volvo Cars Jaguar,Automatic,All-Wheel Drive,Hybrid,3.4,554 reviews,"Wilmington, DE (70 mi.)","8,000 mi."
2020 Toyota RAV4 Hybrid LE,"$25,000",Faulkner Honda,Automatic,All-Wheel Drive,Hybrid,4.8,821 reviews,"Harrisburg, PA (71 mi.)","61,066 mi."
2021 BMW X6 xDrive40i,"$44,995",Del Toyota,Automatic,All-Wheel Drive,Hybrid,4.7,"6,641 reviews","Thorndale, PA (72 mi.)","99,034 mi."
2021 Jaguar F-PACE S,"$41,995",Jaguar Land Rover West Chester,Automatic,All-Wheel Drive,Hybrid,0,47 reviews,"West Chester, PA (75 mi.)","18,481 mi."
2022 Honda CR-V Hybrid Touring,"$31,911",Heritage Toyota CDJR of Harrisburg,Automatic,All-Wheel Drive,Hybrid,4.8,"4,892 reviews","Harrisburg, PA (76 mi.)","23,650 mi."
2023 BMW 330e xDrive,"$47,999",BMW of West Chester (PA),Automatic,All-Wheel Drive,Hybrid,4.8,"2,619 reviews","West Chester, PA (76 mi.)","8,690 mi."
2018 Ford F-150 Raptor,"$40,662",Al Packer Ford,Automatic,All-Wheel Drive,Hybrid,4.2,"2,172 reviews","Baltimore, MD (15 mi.)","90,877 mi."
2021 Ford Escape SE,"$19,700",Heritage Chrysler Jeep Dodge RAM Owings Mills,Automatic,All-Wheel Drive,Hybrid,4.5,"2,445 reviews","Owings Mills, MD (15 mi.)","39,539 mi."
2024 Volvo S60 Recharge Plug-In Hybrid T8 Ultimate Dark Theme,"$47,000",Koons Volvo Cars White Marsh,Automatic,All-Wheel Drive,Hybrid,4.2,410 reviews,"White Marsh, MD (16 mi.)","11,500 mi."
2023 Volvo S60 Recharge Plug-In Hybrid T8 Ultimate Bright Theme,"$40,500",Koons Volvo Cars White Marsh,Automatic,All-Wheel Drive,Hybrid,4.2,410 reviews,"White Marsh, MD (16 mi.)","19,342 mi."
2022 Volvo S60 Recharge Plug-In Hybrid T8 R-Design Expression,"$30,000",Koons Volvo Cars White Marsh,Automatic,All-Wheel Drive,Hybrid,4.2,410 reviews,"White Marsh, MD (16 mi.)","40,487 mi."
2021 Volvo S60 Recharge Plug-In Hybrid T8 Inscription,"$28,500",Koons Volvo Cars White Marsh,Automatic,All-Wheel Drive,Hybrid,4.2,410 reviews,"White Marsh, MD (16 mi.)","49,320 mi."
2019 Volvo XC60 Recharge Plug-In Hybrid T8 R-Design,"$31,400",Cherner Brothers Auto Brokers,Automatic,All-Wheel Drive,Hybrid,4.8,201 reviews,"Kensington, MD (26 mi.)","38,014 mi."
2021 Audi Q5 e 55 Premium,"$31,900",Ourisman Jeep,Automatic,All-Wheel Drive,Hybrid,3.5,31 reviews,"Bethesda, MD (29 mi.)","53,244 mi."
2020 Ford Escape SE,"$19,800",Koons Arlington Toyota,Automatic,All-Wheel Drive,Hybrid,4.1,684 reviews,"Arlington, VA (34 mi.)","67,426 mi."
2019 Volvo XC60 Recharge Plug-In Hybrid T8 Inscription,"$29,750",Passport INFINITI of Alexandria,Automatic,All-Wheel Drive,Hybrid,4.1,425 reviews,"Alexandria, VA (39 mi.)","50,911 mi."
2024 Volvo XC60 Recharge Plug-In Hybrid T8 Ultimate Dark Theme,"$62,648",BMW of Sterling,Automatic,All-Wheel Drive,Hybrid,3.6,"1,140 reviews","Sterling, VA (44 mi.)","4,380 mi."
2021 Lincoln Aviator Grand Touring,"$44,498",Ted Britt Ford - We Will Buy Your Car,Automatic,All-Wheel Drive,Hybrid,0,308 reviews,"Fairfax, VA (44 mi.)","37,911 mi."
2020 Ford Escape Titanium,"$22,000",Koons Kia,Automatic,All-Wheel Drive,Hybrid,3.4,575 reviews,"Woodbridge, VA (52 mi.)","50,286 mi."
2021 Ford Escape SE,"$20,000",Ourisman Ford of Manassas,Automatic,All-Wheel Drive,Hybrid,4.2,484 reviews,"Manassas, VA (54 mi.)","50,374 mi."
2023 Land Rover Range Rover SE,"$123,995",Land Rover Wilmington,Automatic,All-Wheel Drive,Hybrid,4.9,133 reviews,"Wilmington, DE (65 mi.)","6,935 mi."
2024 Toyota RAV4 Hybrid XLE,"$35,995",Budget Car Sales,Automatic,All-Wheel Drive,Hybrid,4.9,422 reviews,"Middletown, PA (67 mi.)","9,157 mi."
2024 Toyota RAV4 Hybrid XLE Premium,"$37,495",Budget Car Sales,Automatic,All-Wheel Drive,Hybrid,4.9,422 reviews,"Middletown, PA (67 mi.)","10,511 mi."
2020 Ford Escape Titanium,"$19,995",Kyner's Auto Sales Inc.,Automatic,All-Wheel Drive,Hybrid,4.8,710 reviews,"Chambersburg, PA (68 mi.)","88,084 mi."
2024 Hyundai Tucson Plug-In Hybrid SEL,"$32,685",Piazza Hyundai of West Chester,Automatic,All-Wheel Drive,Hybrid,3.5,472 reviews,"West Chester, PA (75 mi.)","12,209 mi."
2024 Mazda CX-90 3.3 Turbo Preferred Plus,"$37,999",Piazza Mazda of West Chester,Automatic,All-Wheel Drive,Hybrid,0,368 reviews,"West Chester, PA (75 mi.)",852 mi.
2022 Hyundai Santa Fe SEL 2.4,"$27,695",Piazza Hyundai of West Chester,Automatic,All-Wheel Drive,Hybrid,3.5,472 reviews,"West Chester, PA (75 mi.)","32,613 mi."
2018 Ford F-150 Raptor,"$40,662",Al Packer Ford,Automatic,All-Wheel Drive,Hybrid,4.2,"2,172 reviews","Baltimore, MD (15 mi.)","90,877 mi."
2023 Kia Sorento Hybrid SX Prestige,"$34,750",Bob Bell Ford Hyundai,Automatic,All-Wheel Drive,Hybrid,3.5,987 reviews,"Glen Burnie, MD (6 mi.)","33,534 mi."
2021 Honda CR-V Hybrid Touring,"$27,497",J.B.A. Chevrolet,Automatic,All-Wheel Drive,Hybrid,4.6,841 reviews,"Glen Burnie, MD (6 mi.)","53,142 mi."
2021 Toyota RAV4 Hybrid XLE,"$28,977",Jerry's Toyota,Automatic,All-Wheel Drive,Hybrid,4.1,"1,196 reviews","Baltimore, MD (14 mi.)","56,432 mi."
2021 Toyota Highlander Hybrid Platinum,"$47,000",Jim Coleman Toyota,Automatic,All-Wheel Drive,Hybrid,4.6,"1,310 reviews","Bethesda, MD (30 mi.)","34,719 mi."
2021 Toyota RAV4 Hybrid LE,"$26,750",Bill Page Toyota,Automatic,All-Wheel Drive,Hybrid,4.7,444 reviews,"Falls Church, VA (37 mi.)","76,727 mi."
2021 Toyota Highlander Hybrid XLE,"$40,500",Bill Page Toyota,Automatic,All-Wheel Drive,Hybrid,4.7,444 reviews,"Falls Church, VA (37 mi.)","43,091 mi."
2020 Toyota RAV4 Hybrid LE,"$25,000",Koons Tysons Chrysler Dodge Jeep RAM,Automatic,All-Wheel Drive,Hybrid,3.7,984 reviews,"Vienna, VA (38 mi.)","56,799 mi."
2021 Toyota RAV4 Hybrid XLE,"$27,990",Ourisman Honda of Frederick,Automatic,All-Wheel Drive,Hybrid,4.5,"1,065 reviews","Frederick, MD (41 mi.)","62,378 mi."
2021 Toyota Highlander Hybrid Limited,"$45,500",Toyota of Woodbridge,Automatic,All-Wheel Drive,Hybrid,4.5,"1,263 reviews","Woodbridge, VA (52 mi.)","17,640 mi."
2013 Toyota Highlander Hybrid Limited,"$16,500",Toyota of Woodbridge,Automatic,All-Wheel Drive,Hybrid,4.5,"1,263 reviews","Woodbridge, VA (52 mi.)","111,960 mi."
2023 Toyota Crown Platinum,"$46,922",Miller Toyota,Automatic,All-Wheel Drive,Hybrid,4.6,831 reviews,"Manassas, VA (55 mi.)","9,071 mi."
2023 Porsche Panamera E-Hybrid 4,"$115,975",Porsche Delaware,Automatic,All-Wheel Drive,Hybrid,4.3,249 reviews,"Newark, DE (60 mi.)",609 mi.
2023 Kia Sportage SX Turbo,"$36,900",Wissler Motors,Automatic,All-Wheel Drive,Hybrid,4.7,934 reviews,"Mount Joy, PA (62 mi.)","6,200 mi."
2023 Kia Sportage SX Turbo,"$34,900",Wissler Motors,Automatic,All-Wheel Drive,Hybrid,4.7,934 reviews,"Mount Joy, PA (62 mi.)","5,697 mi."
2023 Kia Sportage Plug-In Hybrid X-Line Prestige,"$36,586",Kia of Coatesville,Automatic,All-Wheel Drive,Hybrid,4.2,476 reviews,"Coatesville, PA (71 mi.)","6,855 mi."
2023 BMW X5 xDrive45e,"$45,695",Del Toyota,Automatic,All-Wheel Drive,Hybrid,4.7,"6,641 reviews","Thorndale, PA (72 mi.)","43,831 mi."
2021 Hyundai Santa Fe HEV SEL Premium,"$28,469",Freysinger Hyundai,Automatic,All-Wheel Drive,Hybrid,0,902 reviews,"Mechanicsburg, PA (72 mi.)","30,503 mi."
2015 Toyota Highlander Hybrid Limited,"$17,995",M&B Auto Group,Automatic,All-Wheel Drive,Hybrid,4.8,81 reviews,"Bealeton, VA (74 mi.)","159,462 mi."
2021 Honda CR-V Hybrid Touring,"$25,995","Pointe Buick GMC, LLC",Automatic,All-Wheel Drive,Hybrid,4.3,770 reviews,"Penns Grove, NJ (74 mi.)","66,600 mi."
2024 Toyota RAV4 Hybrid XLE,"$35,711",Heritage Toyota CDJR of Harrisburg,Automatic,All-Wheel Drive,Hybrid,4.8,"4,892 reviews","Harrisburg, PA (76 mi.)","6,956 mi."
2018 Ford F-150 Raptor,"$40,662",Al Packer Ford,Automatic,All-Wheel Drive,Hybrid,4.2,"2,172 reviews","Baltimore, MD (15 mi.)","90,877 mi."
2010 Toyota Highlander Hybrid Base,"$10,495",Car City,Automatic,All-Wheel Drive,Hybrid,0,66 reviews,"Glen Burnie, MD (5 mi.)","151,963 mi."
2019 Toyota RAV4 Hybrid SE,"$28,500",DARCARS Toyota Silver Spring,Automatic,All-Wheel Drive,Hybrid,4.3,973 reviews,"Silver Spring, MD (20 mi.)","55,080 mi."
2023 Hyundai Tucson Hybrid Blue,"$27,998",Jones Preowned Superstore,Automatic,All-Wheel Drive,Hybrid,3.2,733 reviews,"Fallston, MD (25 mi.)","43,918 mi."
2023 Toyota RAV4 Hybrid SE,"$41,699",Toyota Certified at Capital Plaza,Automatic,All-Wheel Drive,Hybrid,4.6,146 reviews,"Landover Hills, MD (25 mi.)","9,341 mi."
2024 Volvo XC60 Recharge Plug-In Hybrid T8 Ultimate Dark Theme,"$64,342",Ourisman Volvo of Bethesda,Automatic,All-Wheel Drive,Hybrid,0,2 reviews,"Bethesda, MD (29 mi.)",990 mi.
2016 Toyota RAV4 Hybrid SE,"$21,095",DriveTime of Temple Hills,Automatic,All-Wheel Drive,Hybrid,0,3 reviews,"Temple Hills, MD (33 mi.)","82,553 mi."
2021 Toyota Highlander Hybrid Platinum,"$40,000",Koons Arlington Toyota,Automatic,All-Wheel Drive,Hybrid,4.1,684 reviews,"Arlington, VA (34 mi.)","69,102 mi."
2023 Toyota RAV4 Hybrid XLE,"$34,993",Mercedes-Benz of Alexandria,Automatic,All-Wheel Drive,Hybrid,3.5,"1,008 reviews","Alexandria, VA (39 mi.)","9,337 mi."
2024 Kia Sorento Hybrid SX Prestige,"$39,500",Ourisman Fairfax Kia,Automatic,All-Wheel Drive,Hybrid,2.8,27 reviews,"Fairfax, VA (44 mi.)","28,732 mi."
2025 Kia Sorento Hybrid SX Prestige,"$48,000",Ourisman Fairfax Kia,Automatic,All-Wheel Drive,Hybrid,2.8,27 reviews,"Fairfax, VA (44 mi.)",470 mi.
2021 Toyota RAV4 Hybrid SE,"$30,500",Koons Kia,Automatic,All-Wheel Drive,Hybrid,3.4,575 reviews,"Woodbridge, VA (52 mi.)","63,191 mi."
2015 Toyota Highlander Hybrid Platinum,"$21,995",Imperial Auto LLC,Automatic,All-Wheel Drive,Hybrid,3.7,58 reviews,"Manassas, VA (52 mi.)","95,880 mi."
2021 BMW 330e Base,"$33,999",Martin Kia,Automatic,All-Wheel Drive,Hybrid,4.8,824 reviews,"Newark, DE (59 mi.)","36,026 mi."
2024 Land Rover Range Rover Autobiography,"$168,995",Land Rover Wilmington,Automatic,All-Wheel Drive,Hybrid,4.9,133 reviews,"Wilmington, DE (65 mi.)","9,850 mi."
2024 Land Rover Range Rover SE,"$147,995",Land Rover Wilmington,Automatic,All-Wheel Drive,Hybrid,4.9,133 reviews,"Wilmington, DE (65 mi.)","1,696 mi."
2022 Toyota RAV4 Hybrid XLE Premium,"$32,000",Warrenton Toyota,Automatic,All-Wheel Drive,Hybrid,4.8,412 reviews,"Warrenton, VA (69 mi.)","43,830 mi."
2021 Ford Escape SE,"$27,900",Parsons Interstate Ford,Automatic,All-Wheel Drive,Hybrid,4.1,72 reviews,"Shippensburg, PA (71 mi.)","13,052 mi."
2023 Toyota RAV4 Hybrid Limited,"$39,700",CMA's Toyota of Martinsburg,Automatic,All-Wheel Drive,Hybrid,3.3,145 reviews,"Martinsburg, WV (72 mi.)","23,351 mi."
2022 Hyundai Santa Fe SEL 2.4,"$27,695",Piazza Hyundai of West Chester,Automatic,All-Wheel Drive,Hybrid,3.5,472 reviews,"West Chester, PA (75 mi.)","34,094 mi."
2022 Toyota RAV4 Hybrid LE,"$29,511",Heritage Toyota CDJR of Harrisburg,Automatic,All-Wheel Drive,Hybrid,4.8,"4,892 reviews","Harrisburg, PA (76 mi.)","44,120 mi."
2018 Ford F-150 Raptor,"$40,662",Al Packer Ford,Automatic,All-Wheel Drive,Hybrid,4.2,"2,172 reviews","Baltimore, MD (15 mi.)","90,877 mi."
2017 Toyota RAV4 Hybrid Limited,"$20,495",DriveTime of Glen Burnie,Automatic,All-Wheel Drive,Hybrid,0,6 reviews,"Glen Burnie, MD (7 mi.)","98,370 mi."
2022 Hyundai Tucson Hybrid Blue,"$22,750",Easterns Automotive Group of Baltimore,Automatic,All-Wheel Drive,Hybrid,4.9,"5,866 reviews","Rosedale, MD (11 mi.)","53,960 mi."
2021 Volvo XC60 Recharge Plug-In Hybrid T8 Inscription,"$40,000",Volvo Cars Silver Spring,Automatic,All-Wheel Drive,Hybrid,4.9,"1,949 reviews","Silver Spring, MD (19 mi.)","26,501 mi."
2023 BMW X5 PHEV xDrive45e,"$41,913",BMW of Rockville,Automatic,All-Wheel Drive,Hybrid,4.6,"2,722 reviews","Rockville, MD (27 mi.)","45,392 mi."
2022 Toyota RAV4 Hybrid XLE,"$34,797",Jim Coleman Toyota,Automatic,All-Wheel Drive,Hybrid,4.6,"1,310 reviews","Bethesda, MD (30 mi.)","25,078 mi."
2022 Toyota Highlander Hybrid LE,"$36,995",Fitzgerald Toyota Gaithersburg,Automatic,All-Wheel Drive,Hybrid,4.8,"1,133 reviews","Gaithersburg, MD (30 mi.)","26,108 mi."
2019 Toyota RAV4 Hybrid LE,"$21,804",Koons of Falls Church Ford,Automatic,All-Wheel Drive,Hybrid,3.8,"1,082 reviews","Falls Church, VA (37 mi.)","85,050 mi."
2022 Toyota RAV4 Hybrid XLE,"$24,439",Koons of Falls Church Ford,Automatic,All-Wheel Drive,Hybrid,3.8,"1,082 reviews","Falls Church, VA (37 mi.)","86,101 mi."
2024 Kia Sorento Hybrid SX Prestige,"$37,997",DARCARS Kia of Frederick,Automatic,All-Wheel Drive,Hybrid,3.6,131 reviews,"Frederick, MD (41 mi.)","4,257 mi."
2023 Kia Sorento Hybrid EX,"$31,895",AutoNation Honda Dulles,Automatic,All-Wheel Drive,Hybrid,4.6,"3,412 reviews","Sterling, VA (44 mi.)","15,878 mi."
2023 Kia Sportage Hybrid LX,"$28,500",Renn Kirby Kia,Automatic,All-Wheel Drive,Hybrid,4.5,197 reviews,"Gettysburg, PA (50 mi.)","12,837 mi."
2023 Toyota RAV4 Hybrid SE,"$40,000",Toyota of Woodbridge,Automatic,All-Wheel Drive,Hybrid,4.5,"1,263 reviews","Woodbridge, VA (52 mi.)","12,832 mi."
2021 Toyota RAV4 Hybrid LE,"$29,500",Toyota of Woodbridge,Automatic,All-Wheel Drive,Hybrid,4.5,"1,263 reviews","Woodbridge, VA (52 mi.)","41,695 mi."
2017 Toyota RAV4 Hybrid Limited,"$21,995",Auto Trademark,Automatic,All-Wheel Drive,Hybrid,3.7,172 reviews,"Manassas, VA (52 mi.)","76,162 mi."
2023 Toyota RAV4 Hybrid SE,"$37,000",Toyota of Woodbridge,Automatic,All-Wheel Drive,Hybrid,4.5,"1,263 reviews","Woodbridge, VA (52 mi.)","2,449 mi."
2019 Toyota RAV4 Hybrid XSE,"$25,995",Auto Trademark,Automatic,All-Wheel Drive,Hybrid,3.7,172 reviews,"Manassas, VA (52 mi.)","94,973 mi."
2023 Porsche Panamera E-Hybrid 4,"$114,975",Porsche Delaware,Automatic,All-Wheel Drive,Hybrid,4.3,249 reviews,"Newark, DE (60 mi.)","7,978 mi."
2022 Porsche Panamera E-Hybrid Turbo S,"$135,395",Porsche Delaware,Automatic,All-Wheel Drive,Hybrid,4.3,249 reviews,"Newark, DE (60 mi.)","25,679 mi."
2022 Toyota RAV4 Hybrid LE,"$23,950",Z Motor Company Inc.,Automatic,All-Wheel Drive,Hybrid,5,124 reviews,"East Petersburg, PA (62 mi.)","88,461 mi."
2024 Land Rover Range Rover SE,"$148,995",Land Rover Wilmington,Automatic,All-Wheel Drive,Hybrid,4.9,133 reviews,"Wilmington, DE (65 mi.)","2,200 mi."
2018 Ford F-150 Raptor,"$40,662",Al Packer Ford,Automatic,All-Wheel Drive,Hybrid,4.2,"2,172 reviews","Baltimore, MD (15 mi.)","90,877 mi."
2023 Hyundai Santa Fe SEL 2.4,"$33,500",Heritage Hyundai Towson,Automatic,All-Wheel Drive,Hybrid,4.8,"3,513 reviews","Towson, MD (13 mi.)","11,599 mi."
2019 Toyota RAV4 Hybrid Limited,"$25,999",Hampstead Pre-Owned,Automatic,All-Wheel Drive,Hybrid,4.6,"1,513 reviews","Hampstead, MD (27 mi.)","67,024 mi."
2021 Toyota RAV4 Hybrid LE,"$25,588",Heritage Honda of Westminster,Automatic,All-Wheel Drive,Hybrid,4.8,"3,160 reviews","Westminster, MD (28 mi.)","51,070 mi."
2024 Volvo XC90 Recharge Plug-In Hybrid T8 Plus Bright Theme 7-Seater,"$61,990",Ourisman Volvo of Bethesda,Automatic,All-Wheel Drive,Hybrid,0,2 reviews,"Bethesda, MD (29 mi.)",393 mi.
2024 Volvo XC90 Recharge Plug-In Hybrid T8 Ultimate Bright Theme 7-Seater,"$72,599",Ourisman Volvo of Bethesda,Automatic,All-Wheel Drive,Hybrid,0,2 reviews,"Bethesda, MD (29 mi.)","5,101 mi."
2021 Toyota RAV4 Hybrid LE,"$23,386",Koons of Falls Church Ford,Automatic,All-Wheel Drive,Hybrid,3.8,"1,082 reviews","Falls Church, VA (37 mi.)","89,287 mi."
2022 Ford Escape SE,"$23,811",Koons of Falls Church Ford,Automatic,All-Wheel Drive,Hybrid,3.8,"1,082 reviews","Falls Church, VA (37 mi.)","18,448 mi."
2021 Toyota RAV4 Hybrid Limited,"$31,370",Sheehy Subaru Springfield,Automatic,All-Wheel Drive,Hybrid,4.7,846 reviews,"Springfield, VA (42 mi.)","63,453 mi."
2019 Toyota RAV4 Hybrid SE,"$25,695",Sheehy Hyundai of Waldorf,Automatic,All-Wheel Drive,Hybrid,4.4,"1,574 reviews","Waldorf, MD (44 mi.)","92,655 mi."
2021 BMW X7 xDrive40i,"$50,981",Pohanka Acura,Automatic,All-Wheel Drive,Hybrid,4.7,"1,743 reviews","Chantilly, VA (47 mi.)","33,768 mi."
2021 Mercedes-Benz AMG GLE 53 AMG GLE 53,"$69,999",Pohanka Acura,Automatic,All-Wheel Drive,Hybrid,4.7,"1,743 reviews","Chantilly, VA (47 mi.)","23,644 mi."
2023 Land Rover Range Rover SE,"$115,329",Jaguar Land Rover Chantilly,Automatic,All-Wheel Drive,Hybrid,4.4,426 reviews,"Chantilly, VA (48 mi.)","13,108 mi."
2017 Toyota RAV4 Hybrid XLE,"$21,912",Precise Automotive Group,Automatic,All-Wheel Drive,Hybrid,4.5,128 reviews,"Chantilly, VA (49 mi.)","51,506 mi."
2023 Kia Sorento Hybrid EX,"$35,500",Koons Kia,Automatic,All-Wheel Drive,Hybrid,3.4,575 reviews,"Woodbridge, VA (52 mi.)","3,456 mi."
2023 Kia Sorento Hybrid SX Prestige,"$37,000",Koons Kia,Automatic,All-Wheel Drive,Hybrid,3.4,575 reviews,"Woodbridge, VA (52 mi.)","6,109 mi."
2023 Kia Sorento Hybrid EX,"$33,000",Koons Kia,Automatic,All-Wheel Drive,Hybrid,3.4,575 reviews,"Woodbridge, VA (52 mi.)","14,606 mi."
2021 Ford Escape SEL,"$20,999",Premier Automotive,Automatic,All-Wheel Drive,Hybrid,3.2,235 reviews,"Dumfries, VA (58 mi.)","12,778 mi."
2023 Volvo XC60 Plus Bright Theme,"$37,995",Land Rover Wilmington,Automatic,All-Wheel Drive,Hybrid,4.9,133 reviews,"Wilmington, DE (65 mi.)","22,408 mi."
2022 Volvo XC60 Recharge Plug-In Hybrid R-Design,"$42,995",Lehman Volvo Cars of Mechanicsburg,Automatic,All-Wheel Drive,Hybrid,0,20 reviews,"Mechanicsburg, PA (72 mi.)","24,160 mi."
2021 Volvo S60 Recharge Plug-In Hybrid T8 Inscription,"$20,495",RideSmart Auto,Automatic,All-Wheel Drive,Hybrid,4.9,520 reviews,"Honey Brook, PA (74 mi.)","87,440 mi."
2018 Ford F-150 Raptor,"$40,662",Al Packer Ford,Automatic,All-Wheel Drive,Hybrid,4.2,"2,172 reviews","Baltimore, MD (15 mi.)","90,877 mi."
2023 Hyundai Santa Fe SEL 2.4,"$33,400",Heritage Hyundai Towson,Automatic,All-Wheel Drive,Hybrid,4.8,"3,513 reviews","Towson, MD (13 mi.)","12,921 mi."
2023 Honda CR-V Hybrid Sport Touring,"$36,887",Honda of Owings Mills,Automatic,All-Wheel Drive,Hybrid,4.5,"1,125 reviews","Owings Mills, MD (13 mi.)","28,567 mi."
2022 Toyota RAV4 Hybrid XLE Premium,"$34,500",DARCARS Toyota Silver Spring,Automatic,All-Wheel Drive,Hybrid,4.3,973 reviews,"Silver Spring, MD (20 mi.)","18,002 mi."
2022 Audi A3 Premium Plus,"$26,499",King Kia,Automatic,All-Wheel Drive,Hybrid,4.6,187 reviews,"Gaithersburg, MD (30 mi.)","27,690 mi."
2023 Toyota RAV4 Hybrid Woodland Edition,"$39,000",Jim Coleman Toyota,Automatic,All-Wheel Drive,Hybrid,4.6,"1,310 reviews","Bethesda, MD (30 mi.)","18,290 mi."
2021 Toyota Highlander Hybrid XLE,"$40,500",Koons Arlington Toyota,Automatic,All-Wheel Drive,Hybrid,4.1,684 reviews,"Arlington, VA (34 mi.)","24,750 mi."
2022 Hyundai Tucson Hybrid Limited,"$26,237",Ourisman Volvo Audi of Frederick,Automatic,All-Wheel Drive,Hybrid,3.5,142 reviews,"Frederick, MD (41 mi.)","67,225 mi."
2010 Toyota Highlander Hybrid Limited,"$10,900",Ourisman Honda of Frederick,Automatic,All-Wheel Drive,Hybrid,4.5,"1,065 reviews","Frederick, MD (41 mi.)","153,364 mi."
2023 Toyota RAV4 Hybrid LE,"$35,800",Ourisman Subaru VW of Waldorf,Automatic,All-Wheel Drive,Hybrid,2.9,163 reviews,"Waldorf, MD (43 mi.)","14,560 mi."
2024 Mazda CX-90 PHEV Premium Plus,"$48,998",Ted Britt Ford - We Will Buy Your Car,Automatic,All-Wheel Drive,Hybrid,0,308 reviews,"Fairfax, VA (44 mi.)",452 mi.
2024 Kia Sorento Hybrid SX Prestige,"$41,995",Safford Brown Hyundai Fairfax,Automatic,All-Wheel Drive,Hybrid,2.4,885 reviews,"Fairfax, VA (44 mi.)","10,939 mi."
2023 Kia Sportage Hybrid LX,"$26,599",Kia of Waldorf,Automatic,All-Wheel Drive,Hybrid,4.8,403 reviews,"Waldorf, MD (45 mi.)","15,320 mi."
2022 Hyundai Tucson Hybrid SEL Convenience,"$24,490",Easterns Automotive Group of Sterling- Curbside and Home Delivery Available,Automatic,All-Wheel Drive,Hybrid,4.9,"1,155 reviews","Sterling, VA (46 mi.)","39,501 mi."
2024 Audi A3 Premium Plus,"$42,999",Pohanka Acura,Automatic,All-Wheel Drive,Hybrid,4.7,"1,743 reviews","Chantilly, VA (47 mi.)","3,657 mi."
2022 Audi A5 Sportback Prestige,"$39,981",Honda of Chantilly,Automatic,All-Wheel Drive,Hybrid,4.3,702 reviews,"Chantilly, VA (48 mi.)","14,481 mi."
2023 Jeep Grand Cherokee 4xe Trailhawk,"$42,391",Stetler Dodge Chrysler Jeep RAM,Automatic,All-Wheel Drive,Hybrid,4.8,872 reviews,"York, PA (52 mi.)","12,900 mi."
2023 Toyota RAV4 Hybrid LE,"$31,500",Toyota of Woodbridge,Automatic,All-Wheel Drive,Hybrid,4.5,"1,263 reviews","Woodbridge, VA (52 mi.)","29,077 mi."
2022 Hyundai Tucson Hybrid Blue,"$23,500",Koons Kia,Automatic,All-Wheel Drive,Hybrid,3.4,575 reviews,"Woodbridge, VA (52 mi.)","24,392 mi."
2023 Hyundai Santa Fe HEV SEL Premium,"$31,500",Faulkner Subaru of Mechanicsburg,Automatic,All-Wheel Drive,Hybrid,4.5,380 reviews,"Mechanicsburg, PA (72 mi.)","12,382 mi."
2023 Mercedes-Benz GLC 300 Base,"$46,995",Del Toyota,Automatic,All-Wheel Drive,Hybrid,4.7,"6,641 reviews","Thorndale, PA (72 mi.)","18,948 mi."
2018 Ford F-150 Raptor,"$40,662",Al Packer Ford,Automatic,All-Wheel Drive,Hybrid,4.2,"2,172 reviews","Baltimore, MD (15 mi.)","90,877 mi."
2022 Hyundai Tucson Hybrid Limited,"$27,287",Norris Auto Group,Automatic,All-Wheel Drive,Hybrid,4.6,719 reviews,"Baltimore, MD (10 mi.)","43,568 mi."
2023 Kia Sorento Hybrid EX,"$34,860",King Kia Of Laurel,Automatic,All-Wheel Drive,Hybrid,3.6,680 reviews,"Laurel, MD (14 mi.)","7,868 mi."
2021 Porsche Cayenne E-Hybrid S,"$54,400",Jaguar Land Rover of West Columbia,Automatic,All-Wheel Drive,Hybrid,4.8,740 reviews,"Clarksville, MD (15 mi.)","61,021 mi."
2022 Volvo XC60 Recharge Plug-In Hybrid T8 Inscription,"$41,000",Volvo Cars Silver Spring,Automatic,All-Wheel Drive,Hybrid,4.9,"1,949 reviews","Silver Spring, MD (19 mi.)","41,088 mi."
2023 Kia Sorento Hybrid EX,"$36,188",Johnson Kia Annapolis,Automatic,All-Wheel Drive,Hybrid,3.7,34 reviews,"Annapolis, MD (20 mi.)","8,578 mi."
2022 BMW X5 PHEV xDrive45e,"$47,536",BMW of Rockville,Automatic,All-Wheel Drive,Hybrid,4.6,"2,722 reviews","Rockville, MD (27 mi.)","37,633 mi."
2021 Toyota RAV4 Hybrid XLE,"$31,113",Ourisman Mazda of Rockville,Automatic,All-Wheel Drive,Hybrid,4.6,516 reviews,"Rockville, MD (28 mi.)","26,078 mi."
2024 Toyota RAV4 Hybrid XLE,"$35,997",Jim Coleman Toyota,Automatic,All-Wheel Drive,Hybrid,4.6,"1,310 reviews","Bethesda, MD (30 mi.)","16,757 mi."
2021 Toyota RAV4 Hybrid LE,"$29,995",Bill Page Toyota,Automatic,All-Wheel Drive,Hybrid,4.7,444 reviews,"Falls Church, VA (37 mi.)","45,872 mi."
2020 Toyota Highlander Hybrid XLE,"$37,849",Bill Page Toyota,Automatic,All-Wheel Drive,Hybrid,4.7,444 reviews,"Falls Church, VA (37 mi.)","47,186 mi."
2023 Honda CR-V Hybrid Sport Touring,"$37,000",Koons of Tysons Chevrolet Buick GMC,Automatic,All-Wheel Drive,Hybrid,4.5,"1,204 reviews","Vienna, VA (38 mi.)","12,406 mi."
2022 Hyundai Tucson Hybrid Limited,"$24,928",AutoNation Toyota Leesburg,Automatic,All-Wheel Drive,Hybrid,4.7,"2,235 reviews","Leesburg, VA (48 mi.)","70,301 mi."
2022 Hyundai Santa Fe HEV Blue,"$28,998","Lancaster County Motors, Inc.",Automatic,All-Wheel Drive,Hybrid,4.8,908 reviews,"East Petersburg, PA (62 mi.)","14,650 mi."
2024 Hyundai Tucson Hybrid Limited Hybrid AWD,"$35,987",Morgan Automotive Inc.,Automatic,All-Wheel Drive,Hybrid,5,"1,000 reviews","Manheim, PA (65 mi.)","2,178 mi."
2024 BMW XM Sports Activity Vehicle Hybrid,"$110,987",Morgan Automotive Inc.,Automatic,All-Wheel Drive,Hybrid,5,"1,000 reviews","Manheim, PA (65 mi.)","8,226 mi."
2024 Toyota RAV4 Hybrid XLE,"$35,995",Budget Car Sales,Automatic,All-Wheel Drive,Hybrid,4.9,422 reviews,"Middletown, PA (67 mi.)","8,638 mi."
2023 Kia Sorento Hybrid EX,"$38,123",Kia of Coatesville,Automatic,All-Wheel Drive,Hybrid,4.2,476 reviews,"Coatesville, PA (71 mi.)","5,228 mi."
2021 Ford Escape SE,"$21,900",Twin Pine Ford,Automatic,All-Wheel Drive,Hybrid,4.7,"1,007 reviews","Ephrata, PA (73 mi.)","29,431 mi."
2021 Ford Escape SE,"$22,400",Twin Pine Ford,Automatic,All-Wheel Drive,Hybrid,4.7,"1,007 reviews","Ephrata, PA (73 mi.)","20,577 mi."
2024 Volvo XC60 Recharge Plug-In Hybrid Polestar Engineered AWD,"$64,000",Stillman Volvo Cars,Automatic,All-Wheel Drive,Hybrid,0,17 reviews,"West Chester, PA (75 mi.)","6,373 mi."
2018 Ford F-150 Raptor,"$40,662",Al Packer Ford,Automatic,All-Wheel Drive,Hybrid,4.2,"2,172 reviews","Baltimore, MD (15 mi.)","90,877 mi."
2024 Toyota Grand Highlander Hybrid Limited MAX,"$65,000",DARCARS Toyota Baltimore,Automatic,All-Wheel Drive,Hybrid,2.6,193 reviews,"Baltimore, MD (8 mi.)","15,591 mi."
2023 Hyundai Santa Fe Limited,"$37,000",Heritage Hyundai Towson,Automatic,All-Wheel Drive,Hybrid,4.8,"3,513 reviews","Towson, MD (13 mi.)","9,556 mi."
2022 Hyundai Tucson Hybrid Blue,"$19,798",Heritage Hyundai Towson,Automatic,All-Wheel Drive,Hybrid,4.8,"3,513 reviews","Towson, MD (13 mi.)","35,869 mi."
2020 Honda CR-V Hybrid EX-L,"$30,165",Fred Frederick Chrysler Jeep Dodge RAM Laurel,Automatic,All-Wheel Drive,Hybrid,0,26 reviews,"Laurel, MD (13 mi.)","32,925 mi."
2021 Toyota RAV4 Hybrid XLE,"$32,490",Antwerpen Toyota,Automatic,All-Wheel Drive,Hybrid,4.5,"1,419 reviews","Clarksville, MD (15 mi.)","11,189 mi."
2022 Ford Escape SE,"$25,606",Al Packer Ford,Automatic,All-Wheel Drive,Hybrid,4.2,"2,172 reviews","Baltimore, MD (15 mi.)","20,176 mi."
2021 Hyundai Santa Fe SEL 2.4,"$31,965",Len Stoler Hyundai,Automatic,All-Wheel Drive,Hybrid,2,15 reviews,"Owings Mills, MD (16 mi.)","15,463 mi."
2022 Volvo S60 Recharge Plug-In Hybrid T8 Inscription,"$37,994",Bill Kidd's Toyota Volvo Cars,Automatic,All-Wheel Drive,Hybrid,3.2,704 reviews,"Cockeysville, MD (17 mi.)","29,272 mi."
2018 Toyota RAV4 Hybrid XLE,"$21,852",BMW MINI of Annapolis,Automatic,All-Wheel Drive,Hybrid,4.6,"1,129 reviews","Annapolis, MD (19 mi.)","77,824 mi."
2018 INFINITI Q50 Hybrid Base,Not Priced,Sheehy INFINITI of Annapolis,Automatic,All-Wheel Drive,Hybrid,4.6,618 reviews,"Annapolis, MD (19 mi.)","69,140 mi."
2019 Porsche Panamera E-Hybrid 4,"$67,488",Porsche Annapolis,Automatic,All-Wheel Drive,Hybrid,4.8,498 reviews,"Annapolis, MD (20 mi.)","60,527 mi."
2024 Lexus RX 500h F SPORT PERFORMANCE,"$67,342",DARCARS Lexus Of Silver Spring,Automatic,All-Wheel Drive,Hybrid,4.6,"1,786 reviews","Silver Spring, MD (20 mi.)","7,910 mi."
2024 Toyota RAV4 Hybrid SE,"$38,949","Criswell in Annapolis, MD",Automatic,All-Wheel Drive,Hybrid,0,284 reviews,"Annapolis, MD (20 mi.)","6,768 mi."
2020 Toyota Highlander Hybrid XLE,"$41,000",Toyota of Bowie,Automatic,All-Wheel Drive,Hybrid,4.2,441 reviews,"Bowie, MD (21 mi.)","49,286 mi."
2022 Toyota RAV4 Hybrid XLE Premium,"$35,883",Toyota of Bowie,Automatic,All-Wheel Drive,Hybrid,4.2,441 reviews,"Bowie, MD (21 mi.)","16,699 mi."
2022 Toyota RAV4 Hybrid XLE Premium,"$38,895",Toyota of Bowie,Automatic,All-Wheel Drive,Hybrid,4.2,441 reviews,"Bowie, MD (21 mi.)","16,252 mi."
2024 Hyundai Tucson Hybrid Blue,"$33,998",Jones Preowned Superstore,Automatic,All-Wheel Drive,Hybrid,3.2,733 reviews,"Fallston, MD (25 mi.)",940 mi.
2023 BMW X5 PHEV xDrive45e,"$48,368",Century Ford,Automatic,All-Wheel Drive,Hybrid,0,180 reviews,"Mt Airy, MD (27 mi.)","28,224 mi."
2022 Toyota RAV4 Hybrid XLE,"$31,788",Fitzgerald Hyundai Rockville,Automatic,All-Wheel Drive,Hybrid,3.1,499 reviews,"Rockville, MD (27 mi.)","42,452 mi."
2024 Volvo XC90 Recharge Plug-In Hybrid Plus,"$66,000",Stillman Volvo Cars,Automatic,All-Wheel Drive,Hybrid,0,17 reviews,"West Chester, PA (75 mi.)","8,766 mi."
2018 Ford F-150 Raptor,"$40,662",Al Packer Ford,Automatic,All-Wheel Drive,Hybrid,4.2,"2,172 reviews","Baltimore, MD (15 mi.)","90,877 mi."
2018 Volvo XC60 Recharge Plug-In Hybrid T8 R-Design,"$35,195",Land Rover Bethesda,Automatic,All-Wheel Drive,Hybrid,4.7,991 reviews,"Bethesda, MD (27 mi.)","38,335 mi."
2023 BMW X5 PHEV xDrive45e,"$46,990",BMW of Rockville,Automatic,All-Wheel Drive,Hybrid,4.6,"2,722 reviews","Rockville, MD (27 mi.)","36,527 mi."
2023 BMW X5 PHEV xDrive45e,"$42,873",BMW of Rockville,Automatic,All-Wheel Drive,Hybrid,4.6,"2,722 reviews","Rockville, MD (27 mi.)","43,488 mi."
2021 Volvo XC60 Recharge Plug-In Hybrid T8 Inscription,"$38,544",Ourisman Mazda of Rockville,Automatic,All-Wheel Drive,Hybrid,4.6,516 reviews,"Rockville, MD (28 mi.)","34,586 mi."
2022 Volvo XC90 Recharge Plug-In Hybrid T8 R-Design 7 Passenger,"$54,980",DARCARS Volvo Cars,Automatic,All-Wheel Drive,Hybrid,4.5,360 reviews,"Rockville, MD (28 mi.)","17,775 mi."
2022 Volvo XC90 Recharge Plug-In Hybrid T8 Inscription Extended Range 7P,Not Priced,DARCARS Volvo Cars,Automatic,All-Wheel Drive,Hybrid,4.5,360 reviews,"Rockville, MD (28 mi.)","18,135 mi."
2024 Volvo XC60 Recharge Plug-In Hybrid T8 Plus Dark Theme,"$55,000",Ourisman Volvo of Bethesda,Automatic,All-Wheel Drive,Hybrid,0,2 reviews,"Bethesda, MD (29 mi.)","8,508 mi."
2021 Toyota RAV4 Hybrid SE,"$36,295",Fitzgerald Toyota Gaithersburg,Automatic,All-Wheel Drive,Hybrid,4.8,"1,133 reviews","Gaithersburg, MD (30 mi.)","32,686 mi."
2023 Toyota Corolla Hybrid SE,"$29,965",Passport Toyota,Automatic,All-Wheel Drive,Hybrid,4.2,409 reviews,"Suitland, MD (32 mi.)","11,692 mi."
2021 Toyota RAV4 Hybrid LE,"$29,700",Koons Arlington Toyota,Automatic,All-Wheel Drive,Hybrid,4.1,684 reviews,"Arlington, VA (34 mi.)","30,302 mi."
2021 Toyota RAV4 Hybrid XLE,Not Priced,Bill Page Toyota,Automatic,All-Wheel Drive,Hybrid,4.7,444 reviews,"Falls Church, VA (37 mi.)","19,936 mi."
2021 Toyota RAV4 Hybrid XLE,"$30,500",Bill Page Toyota,Automatic,All-Wheel Drive,Hybrid,4.7,444 reviews,"Falls Church, VA (37 mi.)","55,441 mi."
2021 Toyota RAV4 Hybrid XLE,"$29,500",Bill Page Toyota,Automatic,All-Wheel Drive,Hybrid,4.7,444 reviews,"Falls Church, VA (37 mi.)","61,294 mi."
2018 Toyota RAV4 Hybrid XLE,"$22,000",Bill Page Toyota,Automatic,All-Wheel Drive,Hybrid,4.7,444 reviews,"Falls Church, VA (37 mi.)","77,138 mi."
2024 Toyota Grand Highlander Hybrid MAX,"$68,000",Koons Tysons Toyota,Automatic,All-Wheel Drive,Hybrid,4.7,"2,443 reviews","Vienna, VA (37 mi.)","9,235 mi."
2025 BMW X5 M60i,"$94,950",Jaguar Land Rover Tysons Corner,Automatic,All-Wheel Drive,Hybrid,4.6,"1,091 reviews","Vienna, VA (38 mi.)","3,732 mi."
2024 Mercedes-Benz GLE 450 Plug-In Hybrid 4MATIC,Not Priced,Mercedes-Benz of Alexandria,Automatic,All-Wheel Drive,Hybrid,3.5,"1,008 reviews","Alexandria, VA (39 mi.)","4,463 mi."
2023 Toyota Corolla Hybrid SE Infrared,"$28,899",Brandywine Buick GMC,Automatic,All-Wheel Drive,Hybrid,0,12 reviews,"Brandywine, MD (41 mi.)","20,011 mi."
2019 Toyota Highlander Hybrid Platinum,"$32,000",Koons Sterling Ford,Automatic,All-Wheel Drive,Hybrid,4,982 reviews,"Sterling, VA (41 mi.)","69,570 mi."
2020 Toyota RAV4 Hybrid Limited,"$32,000",Ourisman Subaru VW of Waldorf,Automatic,All-Wheel Drive,Hybrid,2.9,163 reviews,"Waldorf, MD (43 mi.)","59,799 mi."
2018 Ford F-150 Raptor,"$40,662",Al Packer Ford,Automatic,All-Wheel Drive,Hybrid,4.2,"2,172 reviews","Baltimore, MD (15 mi.)","90,877 mi."
2019 Acura RLX Sport Hybrid Advance Package,"$29,819",Ourisman Subaru VW of Waldorf,Automatic,All-Wheel Drive,Hybrid,2.9,163 reviews,"Waldorf, MD (43 mi.)","76,191 mi."
2024 Mazda CX-90 PHEV Premium Plus,"$83,327",Waldorf Chevrolet Cadillac,Automatic,All-Wheel Drive,Hybrid,3.3,383 reviews,"Waldorf, MD (43 mi.)","9,923 mi."
2023 Kia Sorento Hybrid EX,"$35,500",Ourisman Fairfax Kia,Automatic,All-Wheel Drive,Hybrid,2.8,27 reviews,"Fairfax, VA (44 mi.)","14,969 mi."
2021 Toyota RAV4 Hybrid XLE,"$35,000",Safford Brown Nissan Sterling,Automatic,All-Wheel Drive,Hybrid,4.3,"1,187 reviews","Sterling, VA (44 mi.)","12,951 mi."
2024 BMW X5 PHEV xDrive50e,Not Priced,BMW of Sterling,Automatic,All-Wheel Drive,Hybrid,3.6,"1,140 reviews","Sterling, VA (44 mi.)","9,618 mi."
2022 BMW X5 PHEV xDrive45e,Not Priced,BMW of Sterling,Automatic,All-Wheel Drive,Hybrid,3.6,"1,140 reviews","Sterling, VA (44 mi.)","22,477 mi."
2024 BMW 750e xDrive,"$96,397",BMW of Sterling,Automatic,All-Wheel Drive,Hybrid,3.6,"1,140 reviews","Sterling, VA (44 mi.)","11,486 mi."
2024 BMW X5 PHEV xDrive50e,"$74,900",Pohanka Lexus,Automatic,All-Wheel Drive,Hybrid,3.9,"1,912 reviews","Chantilly, VA (48 mi.)","14,999 mi."
2024 Mazda CX-90 3.3 Turbo Preferred Plus,"$42,295",Honda of Chantilly,Automatic,All-Wheel Drive,Hybrid,4.3,702 reviews,"Chantilly, VA (48 mi.)","6,712 mi."
2022 Toyota Highlander Hybrid LE,"$36,000",Koons Easton Toyota,Automatic,All-Wheel Drive,Hybrid,4.7,521 reviews,"Easton, MD (48 mi.)","86,195 mi."
2022 Hyundai Tucson Hybrid Blue,"$25,263",Hyundai of Chantilly,Automatic,All-Wheel Drive,Hybrid,4,866 reviews,"Chantilly, VA (49 mi.)","19,399 mi."
2023 Toyota Highlander Hybrid XLE,Not Priced,York Volkswagen,Automatic,All-Wheel Drive,Hybrid,4,95 reviews,"York, PA (52 mi.)","19,849 mi."
2022 Volvo XC60 Recharge Plug-In Hybrid T8 Inscription Expression,"$40,000",Koons Kia,Automatic,All-Wheel Drive,Hybrid,3.4,575 reviews,"Woodbridge, VA (52 mi.)","26,054 mi."
2024 Toyota Grand Highlander XLE,"$55,000",Toyota of Woodbridge,Automatic,All-Wheel Drive,Hybrid,4.5,"1,263 reviews","Woodbridge, VA (52 mi.)",2 mi.
2023 Toyota RAV4 Hybrid XLE,Not Priced,Sheehy Nissan of Manassas,Automatic,All-Wheel Drive,Hybrid,4.1,"1,073 reviews","Manassas, VA (54 mi.)","18,975 mi."
2021 Toyota RAV4 Hybrid LE,"$27,665",Arlington Motors of Woodbridge,Automatic,All-Wheel Drive,Hybrid,0,1 review,"Woodbridge, VA (55 mi.)","74,460 mi."
2024 Mazda CX-90 PHEV Premium Plus,"$45,000",Preston Ford Lincoln Hyundai Nissan,Automatic,All-Wheel Drive,Hybrid,0,565 reviews,"Hurlock, MD (57 mi.)","12,424 mi."
2022 Hyundai Santa Fe Plug-In Hybrid SEL Convenience,"$28,000",Preston Ford Lincoln Hyundai Nissan,Automatic,All-Wheel Drive,Hybrid,0,565 reviews,"Hurlock, MD (57 mi.)","47,522 mi."
2022 Hyundai Santa Fe Plug-In Hybrid Limited,"$35,000",Preston Ford Lincoln Hyundai Nissan,Automatic,All-Wheel Drive,Hybrid,0,565 reviews,"Hurlock, MD (57 mi.)","13,990 mi."
2023 Hyundai Santa Fe HEV Blue,"$26,900",Parsons Ford Lincoln,Automatic,All-Wheel Drive,Hybrid,4.2,516 reviews,"Martinsburg, WV (69 mi.)","60,058 mi."
