Car Name,Price,Dealer Name,Transmission Type,Drivetrain,Fuel Type,Rating,Reviews,Location,Mileage
2018 Ford F-150 Raptor,"$40,662",Al Packer Ford,Automatic,Four-Wheel Drive,Hybrid,4.2,"2,172 reviews","Baltimore, MD (15 mi.)","90,877 mi."
2022 Jeep Wrangler Unlimited 4xe Sahara,"$37,000",Heritage Toyota Catonsville,Automatic,Four-Wheel Drive,Hybrid,4.3,"1,794 reviews","Baltimore, MD (6 mi.)","16,922 mi."
2017 Volvo XC90 Hybrid T8 Inscription,"$35,998",CarMax Gaithersburg,Automatic,Four-Wheel Drive,Hybrid,0,10 reviews,"Gaithersburg, MD (28 mi.)","30,218 mi."
2023 Toyota Sequoia TRD Pro,"$82,000",Koons Tysons Toyota,Automatic,Four-Wheel Drive,Hybrid,4.7,"2,443 reviews","Vienna, VA (37 mi.)","6,605 mi."
2019 Mercedes-Benz GLC 350e,"$26,998",CarMax Milwaukee,Automatic,Four-Wheel Drive,Hybrid,0,2 reviews,N/A,"35,913 mi."
2021 Jeep Wrangler Unlimited 4xe Unlimited Sahara High Altitude,"$46,998",CarMax Kearny Mesa,Automatic,Four-Wheel Drive,Hybrid,0,10 reviews,N/A,"1,125 mi."
2022 Hyundai Santa Fe Plug-In Hybrid SEL Convenience,"$29,998",CarMax Potomac Mills,Automatic,Four-Wheel Drive,Hybrid,0,15 reviews,N/A,"30,473 mi."
2019 Jeep Wrangler Unlimited Sahara,"$31,342",Rosenthal Landmark Honda,Automatic,Four-Wheel Drive,Hybrid,4.8,"1,919 reviews","Alexandria, VA (38 mi.)","27,411 mi."
2024 Toyota Tundra Hybrid Platinum,"$57,991",DARCARS Toyota Frederick,Automatic,Four-Wheel Drive,Hybrid,4.1,"1,604 reviews","Frederick, MD (41 mi.)","13,716 mi."
2023 Toyota Tundra Hybrid 1794 Edition,"$54,000",Waldorf Ford,Automatic,Four-Wheel Drive,Hybrid,4.3,"1,144 reviews","Waldorf, MD (43 mi.)","36,212 mi."
2024 Toyota Tundra Hybrid TRD Pro,"$71,000",Waldorf Toyota,Automatic,Four-Wheel Drive,Hybrid,4.8,"1,247 reviews","Waldorf, MD (44 mi.)","7,043 mi."
2023 Land Rover Range Rover Sport SE Dynamic,"$84,995",Jaguar Land Rover Chantilly,Automatic,Four-Wheel Drive,Hybrid,4.4,426 reviews,"Chantilly, VA (48 mi.)","15,513 mi."
2023 Toyota Tundra Hybrid TRD Pro,"$69,994",Toyota of York,Automatic,Four-Wheel Drive,Hybrid,3.5,622 reviews,"York, PA (52 mi.)","8,205 mi."
2021 Jeep Wrangler Unlimited 4xe Rubicon,"$35,990",Susquehanna Chrysler Dodge Jeep RAM,Automatic,Four-Wheel Drive,Hybrid,4.2,573 reviews,"Wrightsville, PA (55 mi.)","40,857 mi."
2021 Jeep Wrangler Unlimited 4xe Rubicon,"$36,990",Susquehanna Chrysler Dodge Jeep RAM,Automatic,Four-Wheel Drive,Hybrid,4.2,573 reviews,"Wrightsville, PA (55 mi.)","30,112 mi."
2022 Toyota Tundra Hybrid Platinum,"$51,490",Bomnin Chevrolet Manassas,Automatic,Four-Wheel Drive,Hybrid,4.4,"5,977 reviews","Manassas, VA (55 mi.)","42,937 mi."
2024 Jeep Wrangler 4xe Sport,"$44,986",New Holland Auto Group,Automatic,Four-Wheel Drive,Hybrid,4.1,457 reviews,"New Holland, PA (67 mi.)","8,662 mi."
2013 Chevrolet Tahoe Hybrid Base,"$19,888",Chevrolet of Greencastle,Automatic,Four-Wheel Drive,Hybrid,0,1 review,"Greencastle, PA (67 mi.)","73,571 mi."
2023 Jeep Wrangler 4xe Rubicon,"$43,866",New Holland Auto Group,Automatic,Four-Wheel Drive,Hybrid,4.1,457 reviews,"New Holland, PA (67 mi.)","8,995 mi."
2021 Ford Explorer Limited,"$36,990","L. B. Smith Ford Lincoln, Inc.",Automatic,Four-Wheel Drive,Hybrid,5,"2,653 reviews","Lemoyne, PA (71 mi.)","23,063 mi."
2024 Jeep Wrangler 4xe Willys,"$41,700",Faulkner Chrysler Dodge Jeep Ram Fiat,Automatic,Four-Wheel Drive,Hybrid,4.4,644 reviews,"Mechanicsburg, PA (72 mi.)","8,214 mi."
2024 Jeep Wrangler 4xe Willys,"$42,800",Faulkner Chrysler Dodge Jeep Ram Fiat,Automatic,Four-Wheel Drive,Hybrid,4.4,644 reviews,"Mechanicsburg, PA (72 mi.)","7,400 mi."
2024 Jeep Wrangler 4xe Sport S,"$40,000",Faulkner Chrysler Dodge Jeep Ram Fiat,Automatic,Four-Wheel Drive,Hybrid,4.4,644 reviews,"Mechanicsburg, PA (72 mi.)","2,944 mi."
2018 Ford F-150 Raptor,"$40,662",Al Packer Ford,Automatic,Four-Wheel Drive,Hybrid,4.2,"2,172 reviews","Baltimore, MD (15 mi.)","90,877 mi."
2024 Toyota Tundra Hybrid Platinum,"$58,000",DARCARS Toyota Silver Spring,Automatic,Four-Wheel Drive,Hybrid,4.3,973 reviews,"Silver Spring, MD (20 mi.)","11,932 mi."
2021 Jeep Wrangler Unlimited Rubicon,"$35,999",King Kia,Automatic,Four-Wheel Drive,Hybrid,4.6,187 reviews,"Gaithersburg, MD (30 mi.)","59,553 mi."
2022 Land Rover Range Rover Sport HST,"$62,950",Jaguar Land Rover Tysons Corner,Automatic,Four-Wheel Drive,Hybrid,4.6,"1,091 reviews","Vienna, VA (38 mi.)","24,348 mi."
2023 Jeep Wrangler 4xe Unlimited Sahara,"$41,998",CarMax Reno,Automatic,Four-Wheel Drive,Hybrid,0,8 reviews,N/A,"24,751 mi."
2018 BMW X5 eDrive XDrive40e,"$27,998",CarMax Henderson,Automatic,Four-Wheel Drive,Hybrid,0,14 reviews,N/A,"41,310 mi."
2018 BMW X5 eDrive XDrive40e,"$26,998",CarMax Potomac Mills,Automatic,Four-Wheel Drive,Hybrid,0,15 reviews,N/A,"51,169 mi."
2022 Land Rover Defender SE,"$49,145",Jaguar Land Rover Tysons Corner,Automatic,Four-Wheel Drive,Hybrid,4.6,"1,091 reviews","Vienna, VA (38 mi.)","58,428 mi."
2022 Toyota Tundra Hybrid TRD Pro,"$60,500",Malloy Ford of Alexandria,Automatic,Four-Wheel Drive,Hybrid,2.5,665 reviews,"Alexandria, VA (39 mi.)","18,700 mi."
2024 Toyota Tundra Hybrid 1794 Edition,"$63,420",Krietz Auto Sales,Automatic,Four-Wheel Drive,Hybrid,3.8,227 reviews,"Frederick, MD (41 mi.)","5,969 mi."
2021 Jeep Wrangler Unlimited 4xe Sahara,"$36,998",Ted Britt Ford - We Will Buy Your Car,Automatic,Four-Wheel Drive,Hybrid,0,308 reviews,"Fairfax, VA (44 mi.)","26,540 mi."
2023 BMW X5 PHEV XDrive45e,"$45,998",CarMax Dulles,Automatic,Four-Wheel Drive,Hybrid,0,26 reviews,"Sterling, VA (44 mi.)","46,850 mi."
2023 Toyota Tundra Hybrid TRD Pro,"$63,500",Jerry's Leesburg Ford,Automatic,Four-Wheel Drive,Hybrid,4.5,341 reviews,"Leesburg, VA (48 mi.)","15,867 mi."
2023 Land Rover Defender SE,"$58,629",Jaguar Land Rover Chantilly,Automatic,Four-Wheel Drive,Hybrid,4.4,426 reviews,"Chantilly, VA (48 mi.)","4,029 mi."
2023 Toyota Tundra Hybrid 1794 Edition,"$55,993",Joyce Koons Honda Buick GMC,Automatic,Four-Wheel Drive,Hybrid,4.4,"1,171 reviews","Manassas, VA (55 mi.)","23,690 mi."
2022 Jeep Grand Cherokee 4xe Summit,"$52,990",Susquehanna Chrysler Dodge Jeep RAM,Automatic,Four-Wheel Drive,Hybrid,4.2,573 reviews,"Wrightsville, PA (55 mi.)","15,834 mi."
2023 Jeep Grand Cherokee 4xe Base,"$45,990",Susquehanna Chrysler Dodge Jeep RAM,Automatic,Four-Wheel Drive,Hybrid,4.2,573 reviews,"Wrightsville, PA (55 mi.)","3,208 mi."
2023 Land Rover Defender X-Dynamic SE,"$64,995",Land Rover Wilmington,Automatic,Four-Wheel Drive,Hybrid,4.9,133 reviews,"Wilmington, DE (65 mi.)","14,421 mi."
2023 Toyota Tundra Hybrid TRD Pro,"$67,998",Sheehy Toyota of Stafford,Automatic,Four-Wheel Drive,Hybrid,4.1,"1,443 reviews","Stafford, VA (67 mi.)","18,412 mi."
2024 Toyota Tundra Hybrid 1794 Edition,"$64,677",Faulkner INFINITI of Mechanicsburg,Automatic,Four-Wheel Drive,Hybrid,4.7,57 reviews,"Mechanicsburg, PA (72 mi.)","8,026 mi."
2021 Jeep Wrangler Unlimited 4xe Unlimited Rubicon 4x4,"$41,256",David Dodge Chrysler Jeep RAM,Automatic,Four-Wheel Drive,Hybrid,4.9,"5,144 reviews","Glen Mills, PA (75 mi.)","28,476 mi."
2023 Land Rover Discovery S R-Dynamic,"$59,995",Jaguar Land Rover West Chester,Automatic,Four-Wheel Drive,Hybrid,0,47 reviews,"West Chester, PA (75 mi.)","10,395 mi."
2023 Land Rover Discovery Metropolitan Edition,"$61,995",Jaguar Land Rover West Chester,Automatic,Four-Wheel Drive,Hybrid,0,47 reviews,"West Chester, PA (75 mi.)","3,942 mi."
2018 Ford F-150 Raptor,"$40,662",Al Packer Ford,Automatic,Four-Wheel Drive,Hybrid,4.2,"2,172 reviews","Baltimore, MD (15 mi.)","90,877 mi."
2023 Land Rover Defender SE,"$75,575",Jaguar Land Rover Tysons Corner,Automatic,Four-Wheel Drive,Hybrid,4.6,"1,091 reviews","Vienna, VA (38 mi.)","5,683 mi."
2022 Land Rover Defender X-Dynamic HSE,"$65,585",Jaguar Land Rover Tysons Corner,Automatic,Four-Wheel Drive,Hybrid,4.6,"1,091 reviews","Vienna, VA (38 mi.)","25,538 mi."
2023 Land Rover Discovery S R-Dynamic,"$59,198",Jaguar Land Rover Tysons Corner,Automatic,Four-Wheel Drive,Hybrid,4.6,"1,091 reviews","Vienna, VA (38 mi.)","9,501 mi."
2020 Audi Q5 e Premium Plus,"$31,998",CarMax Rochester,Automatic,Four-Wheel Drive,Hybrid,0,6 reviews,N/A,"25,558 mi."
2022 Jeep Grand Cherokee 4xe Trailhawk,"$44,998",CarMax Phoenix-Gilbert,Automatic,Four-Wheel Drive,Hybrid,0,13 reviews,N/A,"15,163 mi."
2024 Land Rover Defender S,"$76,575",Jaguar Land Rover Tysons Corner,Automatic,Four-Wheel Drive,Hybrid,4.6,"1,091 reviews","Vienna, VA (38 mi.)","4,326 mi."
2023 Land Rover Defender First Edition,"$67,980",Jaguar Land Rover Tysons Corner,Automatic,Four-Wheel Drive,Hybrid,4.6,"1,091 reviews","Vienna, VA (38 mi.)","8,857 mi."
2023 Land Rover Defender X,"$87,950",Jaguar Land Rover Tysons Corner,Automatic,Four-Wheel Drive,Hybrid,4.6,"1,091 reviews","Vienna, VA (38 mi.)","5,780 mi."
2021 Volvo XC90 Recharge Plug-In Hybrid T8 Inscription Expression,"$46,998",CarMax Dulles,Automatic,Four-Wheel Drive,Hybrid,0,26 reviews,"Sterling, VA (44 mi.)","24,812 mi."
2021 Ford F-150 King Ranch,"$47,400",Jerry's Leesburg Ford,Automatic,Four-Wheel Drive,Hybrid,4.5,341 reviews,"Leesburg, VA (48 mi.)","54,860 mi."
2023 Land Rover Defender X-Dynamic SE,"$75,900",Jaguar Land Rover Chantilly,Automatic,Four-Wheel Drive,Hybrid,4.4,426 reviews,"Chantilly, VA (48 mi.)","5,451 mi."
2023 Land Rover Defender SE,"$74,189",Jaguar Land Rover Chantilly,Automatic,Four-Wheel Drive,Hybrid,4.4,426 reviews,"Chantilly, VA (48 mi.)","1,590 mi."
2023 Ford F-150 XLT,"$49,550",Pohanka Lexus,Automatic,Four-Wheel Drive,Hybrid,3.9,"1,912 reviews","Chantilly, VA (48 mi.)","9,858 mi."
2024 Toyota Sequoia Limited,"$74,900",Pohanka Lexus,Automatic,Four-Wheel Drive,Hybrid,3.9,"1,912 reviews","Chantilly, VA (48 mi.)","8,469 mi."
2023 Jeep Wrangler 4xe Rubicon,"$43,900",Lindsay Chrysler Dodge Jeep Ram,Automatic,Four-Wheel Drive,Hybrid,4.7,"1,761 reviews","Manassas, VA (53 mi.)","4,421 mi."
2023 Toyota Tundra Hybrid 1794 Edition,"$58,972",Miller Toyota,Automatic,Four-Wheel Drive,Hybrid,4.6,831 reviews,"Manassas, VA (55 mi.)","8,316 mi."
2024 Land Rover Discovery Dynamic SE,"$76,995",Land Rover Wilmington,Automatic,Four-Wheel Drive,Hybrid,4.9,133 reviews,"Wilmington, DE (65 mi.)","8,775 mi."
2023 Land Rover Defender SE,"$72,999",Jaguar Land Rover West Chester,Automatic,Four-Wheel Drive,Hybrid,0,47 reviews,"West Chester, PA (75 mi.)","9,406 mi."
2023 Land Rover Defender X-Dynamic SE,"$72,495",Jaguar Land Rover West Chester,Automatic,Four-Wheel Drive,Hybrid,0,47 reviews,"West Chester, PA (75 mi.)","13,660 mi."
2021 Land Rover Defender X,"$65,995",Jaguar Land Rover West Chester,Automatic,Four-Wheel Drive,Hybrid,0,47 reviews,"West Chester, PA (75 mi.)","16,718 mi."
2020 Land Rover Range Rover HSE,"$53,995",Jaguar Land Rover West Chester,Automatic,Four-Wheel Drive,Hybrid,0,47 reviews,"West Chester, PA (75 mi.)","30,114 mi."
2021 Land Rover Range Rover Westminster,"$65,495",Jaguar Land Rover West Chester,Automatic,Four-Wheel Drive,Hybrid,0,47 reviews,"West Chester, PA (75 mi.)","21,380 mi."
2018 Ford F-150 Raptor,"$40,662",Al Packer Ford,Automatic,Four-Wheel Drive,Hybrid,4.2,"2,172 reviews","Baltimore, MD (15 mi.)","90,877 mi."
2023 Toyota Tundra Hybrid Capstone,"$66,490",Antwerpen Toyota,Automatic,Four-Wheel Drive,Hybrid,4.5,"1,419 reviews","Clarksville, MD (15 mi.)","7,001 mi."
2023 Jeep Grand Cherokee 4xe Overland,"$51,000",Ourisman Jeep,Automatic,Four-Wheel Drive,Hybrid,3.5,31 reviews,"Bethesda, MD (29 mi.)","6,901 mi."
2023 Toyota Sequoia SR5/LIMITED/PLATINUM/TRD PRO/CAPSTONE,"$79,995",Virginia Auto Trader Co.,Automatic,Four-Wheel Drive,Hybrid,2.4,60 reviews,"Arlington, VA (33 mi.)","5,593 mi."
2022 Jeep Grand Cherokee 4xe,"$38,998",CarMax Live Oak,Automatic,Four-Wheel Drive,Hybrid,0,4 reviews,N/A,"14,930 mi."
2021 Jeep Wrangler Unlimited 4xe Unlimited Rubicon,"$40,998",CarMax Waukesha,Automatic,Four-Wheel Drive,Hybrid,0,1 review,N/A,"30,651 mi."
2024 Toyota Land Cruiser Base,"$66,000",Koons Tysons Toyota,Automatic,Four-Wheel Drive,Hybrid,4.7,"2,443 reviews","Vienna, VA (37 mi.)",374 mi.
2024 Land Rover Range Rover Sport Dynamic SE,"$91,225",Jaguar Land Rover Tysons Corner,Automatic,Four-Wheel Drive,Hybrid,4.6,"1,091 reviews","Vienna, VA (38 mi.)","4,876 mi."
2024 Land Rover Range Rover Sport SE,"$87,175",Jaguar Land Rover Tysons Corner,Automatic,Four-Wheel Drive,Hybrid,4.6,"1,091 reviews","Vienna, VA (38 mi.)","5,929 mi."
2021 Ford F-150 Lariat,"$46,000",Malloy Ford of Alexandria,Automatic,Four-Wheel Drive,Hybrid,2.5,665 reviews,"Alexandria, VA (39 mi.)","27,444 mi."
2023 Ford F-150 XLT,"$46,000",Waldorf Ford,Automatic,Four-Wheel Drive,Hybrid,4.3,"1,144 reviews","Waldorf, MD (43 mi.)",218 mi.
2024 Toyota Land Cruiser Base,"$64,449",BMW of Sterling,Automatic,Four-Wheel Drive,Hybrid,3.6,"1,140 reviews","Sterling, VA (44 mi.)",926 mi.
2023 Ford F-150 Lariat,"$53,988",Ted Britt Ford - We Will Buy Your Car,Automatic,Four-Wheel Drive,Hybrid,0,308 reviews,"Fairfax, VA (44 mi.)","13,248 mi."
2023 Ford F-150 Platinum,"$62,990",Susquehanna Ford,Automatic,Four-Wheel Drive,Hybrid,0,2 reviews,"Willow Street, PA (53 mi.)","21,832 mi."
2023 Ford F-150 Platinum,"$61,500",Preston Ford Lincoln Hyundai Nissan,Automatic,Four-Wheel Drive,Hybrid,0,565 reviews,"Hurlock, MD (57 mi.)","10,424 mi."
2021 Ford F-150 King Ranch,"$42,334",Whitmoyer Auto Group,Automatic,Four-Wheel Drive,Hybrid,4.7,308 reviews,"Mount Joy, PA (62 mi.)","71,051 mi."
2023 Land Rover Defender X,"$85,150",Land Rover Wilmington,Automatic,Four-Wheel Drive,Hybrid,4.9,133 reviews,"Wilmington, DE (65 mi.)","10,891 mi."
2024 Land Rover Defender S,"$69,419",Land Rover Wilmington,Automatic,Four-Wheel Drive,Hybrid,4.9,133 reviews,"Wilmington, DE (65 mi.)","9,160 mi."
2024 Land Rover Range Rover Velar Dynamic HSE,"$72,821",Land Rover Wilmington,Automatic,Four-Wheel Drive,Hybrid,4.9,133 reviews,"Wilmington, DE (65 mi.)","9,391 mi."
2024 Jeep Grand Cherokee 4xe Base 4xe,"$38,000",Faulkner Subaru of Mechanicsburg,Automatic,Four-Wheel Drive,Hybrid,4.5,380 reviews,"Mechanicsburg, PA (72 mi.)","5,327 mi."
2021 RAM 1500 Limited,"$50,082",Faulkner Volkswagen,Automatic,Four-Wheel Drive,Hybrid,4,313 reviews,"Mechanicsburg, PA (72 mi.)","20,546 mi."
2024 Jeep Wrangler 4xe Sport S,"$40,500",Faulkner Chrysler Dodge Jeep Ram Fiat,Automatic,Four-Wheel Drive,Hybrid,4.4,644 reviews,"Mechanicsburg, PA (72 mi.)","10,500 mi."
2023 Jeep Grand Cherokee 4xe Trailhawk,"$50,434",David Dodge Chrysler Jeep RAM,Automatic,Four-Wheel Drive,Hybrid,4.9,"5,144 reviews","Glen Mills, PA (75 mi.)","4,475 mi."
2018 Ford F-150 Raptor,"$40,662",Al Packer Ford,Automatic,Four-Wheel Drive,Hybrid,4.2,"2,172 reviews","Baltimore, MD (15 mi.)","90,877 mi."
2023 Jeep Grand Cherokee 4xe Base,"$38,998",Jones Preowned Superstore,Automatic,Four-Wheel Drive,Hybrid,3.2,733 reviews,"Fallston, MD (25 mi.)","12,966 mi."
2023 Land Rover Discovery Metropolitan Edition,"$63,655",Jaguar Land Rover Tysons Corner,Automatic,Four-Wheel Drive,Hybrid,4.6,"1,091 reviews","Vienna, VA (38 mi.)","5,658 mi."
2023 Land Rover Discovery Metropolitan Edition,"$64,950",Jaguar Land Rover Tysons Corner,Automatic,Four-Wheel Drive,Hybrid,4.6,"1,091 reviews","Vienna, VA (38 mi.)","3,609 mi."
2023 Jeep Wrangler 4xe Unlimited Sahara,"$41,998",CarMax Escondido,Automatic,Four-Wheel Drive,Hybrid,0,6 reviews,N/A,"26,112 mi."
2021 Toyota RAV4 Prime XSE,"$45,998",CarMax Nashville,Automatic,Four-Wheel Drive,Hybrid,0,17 reviews,N/A,"18,355 mi."
2021 Ford F-150 Platinum,"$46,800",Malloy Ford of Alexandria,Automatic,Four-Wheel Drive,Hybrid,2.5,665 reviews,"Alexandria, VA (39 mi.)","44,985 mi."
2021 Volvo XC90 Recharge Plug-In Hybrid T8 Inscription Expression,"$41,998",CarMax Dulles,Automatic,Four-Wheel Drive,Hybrid,0,26 reviews,"Sterling, VA (44 mi.)","32,683 mi."
2024 Toyota Sequoia Limited,"$73,000",Pohanka Chevrolet,Automatic,Four-Wheel Drive,Hybrid,4.2,496 reviews,"Chantilly, VA (47 mi.)","14,575 mi."
2022 Ford F-150 Limited,"$51,997",Ted Britt Ford Lincoln of Chantilly,Automatic,Four-Wheel Drive,Hybrid,2.9,"1,277 reviews","Chantilly, VA (48 mi.)","36,828 mi."
2024 Land Rover Range Rover Sport SE,"$88,590",Jaguar Land Rover Chantilly,Automatic,Four-Wheel Drive,Hybrid,4.4,426 reviews,"Chantilly, VA (48 mi.)","3,315 mi."
2022 Land Rover Range Rover Sport HSE Silver Edition,"$55,900",Jaguar Land Rover Chantilly,Automatic,Four-Wheel Drive,Hybrid,4.4,426 reviews,"Chantilly, VA (48 mi.)","30,633 mi."
2022 Land Rover Range Rover Sport HST,"$60,275",Jaguar Land Rover Chantilly,Automatic,Four-Wheel Drive,Hybrid,4.4,426 reviews,"Chantilly, VA (48 mi.)","35,110 mi."
2023 Jeep Wrangler 4xe Sahara,"$43,990",Susquehanna Ford,Automatic,Four-Wheel Drive,Hybrid,0,2 reviews,"Willow Street, PA (53 mi.)","29,005 mi."
2021 Jeep Wrangler Unlimited 4xe Rubicon,"$39,900",Lindsay Chrysler Dodge Jeep Ram,Automatic,Four-Wheel Drive,Hybrid,4.7,"1,761 reviews","Manassas, VA (53 mi.)","14,450 mi."
2024 Land Rover Defender S,"$69,995",Land Rover Wilmington,Automatic,Four-Wheel Drive,Hybrid,4.9,133 reviews,"Wilmington, DE (65 mi.)","9,532 mi."
2021 Land Rover Range Rover Sport HSE Silver Edition,"$47,995",Land Rover Wilmington,Automatic,Four-Wheel Drive,Hybrid,4.9,133 reviews,"Wilmington, DE (65 mi.)","61,920 mi."
2022 Land Rover Range Rover Sport HSE Silver Edition,"$54,995",Land Rover Wilmington,Automatic,Four-Wheel Drive,Hybrid,4.9,133 reviews,"Wilmington, DE (65 mi.)","42,855 mi."
2023 Land Rover Defender X-Dynamic SE,"$72,995",Land Rover Wilmington,Automatic,Four-Wheel Drive,Hybrid,4.9,133 reviews,"Wilmington, DE (65 mi.)","6,170 mi."
2024 Jeep Wrangler 4xe Sport,"$45,500",Nucar Chevrolet of New Castle,Automatic,Four-Wheel Drive,Hybrid,2.6,604 reviews,"New Castle, DE (66 mi.)","7,127 mi."
2024 Toyota Tundra Hybrid TRD Pro,"$69,671",Faulkner Toyota of Harrisburg,Automatic,Four-Wheel Drive,Hybrid,4.5,322 reviews,"Harrisburg, PA (71 mi.)","4,761 mi."
2020 Land Rover Range Rover HSE,"$53,995",Jaguar Land Rover West Chester,Automatic,Four-Wheel Drive,Hybrid,0,47 reviews,"West Chester, PA (75 mi.)","28,803 mi."
2022 Land Rover Range Rover Sport HSE Silver Edition,"$61,495",Jaguar Land Rover West Chester,Automatic,Four-Wheel Drive,Hybrid,0,47 reviews,"West Chester, PA (75 mi.)","28,463 mi."
2018 Ford F-150 Raptor,"$40,662",Al Packer Ford,Automatic,Four-Wheel Drive,Hybrid,4.2,"2,172 reviews","Baltimore, MD (15 mi.)","90,877 mi."
2023 Toyota Tundra Hybrid 1794 Edition,"$54,991",Sheehy Toyota of Laurel,Automatic,Four-Wheel Drive,Hybrid,3.3,126 reviews,"Laurel, MD (11 mi.)","30,045 mi."
2022 Toyota Tundra Hybrid Platinum,"$54,990",Jones Used Cars,Automatic,Four-Wheel Drive,Hybrid,3.2,223 reviews,"Bel Air, MD (25 mi.)","28,994 mi."
2024 Toyota Tundra Hybrid Platinum,"$59,490",DARCARS 355 Toyota Rockville,Automatic,Four-Wheel Drive,Hybrid,2.7,287 reviews,"Rockville, MD (28 mi.)","12,335 mi."
2023 BMW X5 PHEV XDrive45e,"$50,998",CarMax Reno,Automatic,Four-Wheel Drive,Hybrid,0,8 reviews,N/A,"31,830 mi."
2022 Audi Q5 e S-Line Premium,"$38,998",CarMax South Boulevard,Automatic,Four-Wheel Drive,Hybrid,0,12 reviews,N/A,"7,510 mi."
2024 Dodge Hornet R/T,"$31,998",CarMax Gaithersburg,Automatic,Four-Wheel Drive,Hybrid,0,10 reviews,"Gaithersburg, MD (28 mi.)","7,225 mi."
2023 Toyota Tundra Hybrid TRD Pro,"$62,500",Koons Toyota Of Westminster,Automatic,Four-Wheel Drive,Hybrid,4.6,867 reviews,"Westminster, MD (29 mi.)","10,206 mi."
2023 Toyota Tundra Hybrid 1794 Edition,"$52,999",Koons Tysons Chrysler Dodge Jeep RAM,Automatic,Four-Wheel Drive,Hybrid,3.7,984 reviews,"Vienna, VA (38 mi.)","19,593 mi."
2024 Ford F-150 XLT,"$52,900",Malloy Ford of Alexandria,Automatic,Four-Wheel Drive,Hybrid,2.5,665 reviews,"Alexandria, VA (39 mi.)","2,643 mi."
2021 Ford F-150 Platinum,"$48,000",Malloy Ford of Alexandria,Automatic,Four-Wheel Drive,Hybrid,2.5,665 reviews,"Alexandria, VA (39 mi.)","50,549 mi."
2021 Jeep Wrangler Unlimited Rubicon,"$34,966",Ourisman Volvo Audi of Frederick,Automatic,Four-Wheel Drive,Hybrid,3.5,142 reviews,"Frederick, MD (41 mi.)","63,281 mi."
2021 Jeep Wrangler Unlimited 4xe Rubicon,"$39,800",Waldorf Dodge Ram,Automatic,Four-Wheel Drive,Hybrid,4.6,175 reviews,"Waldorf, MD (43 mi.)","15,857 mi."
2022 Ford F-150 Lariat,"$44,498",Ted Britt Ford - We Will Buy Your Car,Automatic,Four-Wheel Drive,Hybrid,0,308 reviews,"Fairfax, VA (44 mi.)","39,389 mi."
2023 Ford F-150 XLT,"$46,890",Ted Britt Ford - We Will Buy Your Car,Automatic,Four-Wheel Drive,Hybrid,0,308 reviews,"Fairfax, VA (44 mi.)","20,311 mi."
2021 BMW X3 PHEV xDrive30e,"$38,998",CarMax Dulles,Automatic,Four-Wheel Drive,Hybrid,0,26 reviews,"Sterling, VA (44 mi.)","15,316 mi."
2022 Ford Explorer Platinum,"$43,497",Ted Britt Ford Lincoln of Chantilly,Automatic,Four-Wheel Drive,Hybrid,2.9,"1,277 reviews","Chantilly, VA (48 mi.)","21,976 mi."
2020 Land Rover Range Rover HSE,"$49,995",Land Rover Wilmington,Automatic,Four-Wheel Drive,Hybrid,4.9,133 reviews,"Wilmington, DE (65 mi.)","35,697 mi."
2024 Toyota Tundra Hybrid 1794 Edition,"$59,495",Budget Car Sales,Automatic,Four-Wheel Drive,Hybrid,4.9,422 reviews,"Middletown, PA (67 mi.)","11,812 mi."
2024 Jeep Wrangler 4xe Sport,"$51,900",Parsons Opequon Motors,Automatic,Four-Wheel Drive,Hybrid,0,15 reviews,"Martinsburg, WV (70 mi.)","3,782 mi."
2021 Ford F-150 Limited,"$58,990","L. B. Smith Ford Lincoln, Inc.",Automatic,Four-Wheel Drive,Hybrid,5,"2,653 reviews","Lemoyne, PA (71 mi.)","12,665 mi."
2022 Jeep Wagoneer Series II,"$42,995",Del Toyota,Automatic,Four-Wheel Drive,Hybrid,4.7,"6,641 reviews","Thorndale, PA (72 mi.)","64,719 mi."
2024 Land Rover Range Rover Sport Dynamic SE,"$99,495",Jaguar Land Rover West Chester,Automatic,Four-Wheel Drive,Hybrid,0,47 reviews,"West Chester, PA (75 mi.)","3,289 mi."
2018 Ford F-150 Raptor,"$40,662",Al Packer Ford,Automatic,Four-Wheel Drive,Hybrid,4.2,"2,172 reviews","Baltimore, MD (15 mi.)","90,877 mi."
2024 Jeep Wrangler 4xe Rubicon,"$50,000",Heritage Toyota Owings Mills,Automatic,Four-Wheel Drive,Hybrid,4.7,"1,346 reviews","Owings Mills, MD (13 mi.)","3,682 mi."
2012 Chevrolet Silverado 1500 Base,"$16,991",AutoNation Chevrolet Laurel,Automatic,Four-Wheel Drive,Hybrid,4.5,714 reviews,"Laurel, MD (14 mi.)","96,206 mi."
2019 Mitsubishi Outlander PHEV GT,"$20,998",CarMax White Marsh,Automatic,Four-Wheel Drive,Hybrid,0,34 reviews,"White Marsh, MD (16 mi.)","55,705 mi."
2023 BMW X5 PHEV XDrive45e,"$41,998",CarMax Springfield,Automatic,Four-Wheel Drive,Hybrid,0,0 reviews,N/A,"49,914 mi."
2021 Jeep Wrangler Unlimited 4xe Unlimited Rubicon,"$40,998",CarMax Puyallup,Automatic,Four-Wheel Drive,Hybrid,0,5 reviews,N/A,"15,540 mi."
2022 Jeep Grand Cherokee 4xe Summit,"$46,995",Koons Ford of Annapolis,Automatic,Four-Wheel Drive,Hybrid,4.5,"1,559 reviews","Annapolis, MD (20 mi.)","12,535 mi."
2021 Toyota RAV4 Prime SE,"$33,998",CarMax Gaithersburg,Automatic,Four-Wheel Drive,Hybrid,0,10 reviews,"Gaithersburg, MD (28 mi.)","64,510 mi."
2021 Ford Explorer Limited,"$32,000",Ourisman Jeep,Automatic,Four-Wheel Drive,Hybrid,3.5,31 reviews,"Bethesda, MD (29 mi.)","42,934 mi."
2021 Ford F-150 Lariat,"$45,500",Malloy Ford of Alexandria,Automatic,Four-Wheel Drive,Hybrid,2.5,665 reviews,"Alexandria, VA (39 mi.)","32,333 mi."
2021 BMW X3 PHEV xDrive30e,"$35,998",CarMax Dulles,Automatic,Four-Wheel Drive,Hybrid,0,26 reviews,"Sterling, VA (44 mi.)","23,721 mi."
2023 Jeep Wrangler Sport,"$32,999",Pohanka Acura,Automatic,Four-Wheel Drive,Hybrid,4.7,"1,743 reviews","Chantilly, VA (47 mi.)","11,293 mi."
2021 Jeep Wrangler Unlimited 4xe Rubicon,"$37,500",Lindsay Chrysler Dodge Jeep Ram,Automatic,Four-Wheel Drive,Hybrid,4.7,"1,761 reviews","Manassas, VA (53 mi.)","30,576 mi."
2023 Jeep Grand Cherokee 4xe Base,"$39,900",Lindsay Chrysler Dodge Jeep Ram,Automatic,Four-Wheel Drive,Hybrid,4.7,"1,761 reviews","Manassas, VA (53 mi.)","11,858 mi."
2023 Jeep Wrangler 4xe Rubicon,"$44,990",Susquehanna Chrysler Dodge Jeep RAM,Automatic,Four-Wheel Drive,Hybrid,4.2,573 reviews,"Wrightsville, PA (55 mi.)","6,954 mi."
2022 Jeep Grand Cherokee 4xe Summit,"$49,778",Whitmoyer Auto Group,Automatic,Four-Wheel Drive,Hybrid,4.7,308 reviews,"Mount Joy, PA (62 mi.)","27,514 mi."
2021 RAM 1500 Limited,"$43,000",Faulkner Subaru of Mechanicsburg,Automatic,Four-Wheel Drive,Hybrid,4.5,380 reviews,"Mechanicsburg, PA (72 mi.)","60,270 mi."
2021 Land Rover Range Rover Velar S,"$37,995",Jaguar Land Rover West Chester,Automatic,Four-Wheel Drive,Hybrid,0,47 reviews,"West Chester, PA (75 mi.)","32,853 mi."
2023 Land Rover Range Rover Sport SE Dynamic,"$86,995",Jaguar Land Rover West Chester,Automatic,Four-Wheel Drive,Hybrid,0,47 reviews,"West Chester, PA (75 mi.)","12,642 mi."
2022 Land Rover Range Rover Sport HSE Silver Edition,"$59,995",Jaguar Land Rover West Chester,Automatic,Four-Wheel Drive,Hybrid,0,47 reviews,"West Chester, PA (75 mi.)","25,048 mi."
2023 Land Rover Range Rover Velar R-Dynamic S,"$51,495",Jaguar Land Rover West Chester,Automatic,Four-Wheel Drive,Hybrid,0,47 reviews,"West Chester, PA (75 mi.)","21,266 mi."
2023 Land Rover Range Rover Sport SE,"$81,995",Jaguar Land Rover West Chester,Automatic,Four-Wheel Drive,Hybrid,0,47 reviews,"West Chester, PA (75 mi.)","12,430 mi."
2021 Jeep Wrangler Unlimited 4xe Unlimited Rubicon 4x4,"$40,678",David Dodge Chrysler Jeep RAM,Automatic,Four-Wheel Drive,Hybrid,4.9,"5,144 reviews","Glen Mills, PA (75 mi.)","26,923 mi."
2018 Ford F-150 Raptor,"$40,662",Al Packer Ford,Automatic,Four-Wheel Drive,Hybrid,4.2,"2,172 reviews","Baltimore, MD (15 mi.)","90,877 mi."
2022 Toyota Tundra Hybrid Capstone,"$56,000",Heritage Toyota Catonsville,Automatic,Four-Wheel Drive,Hybrid,4.3,"1,794 reviews","Baltimore, MD (6 mi.)","39,800 mi."
2022 Ford F-150 Platinum,"$56,995",Koons Ford of Annapolis,Automatic,Four-Wheel Drive,Hybrid,4.5,"1,559 reviews","Annapolis, MD (20 mi.)","27,451 mi."
2021 Jeep Wrangler Unlimited 4xe Sahara,"$37,371",DARCARS Lexus Of Silver Spring,Automatic,Four-Wheel Drive,Hybrid,4.6,"1,786 reviews","Silver Spring, MD (20 mi.)","17,086 mi."
2022 Kia Sorento Plug-In Hybrid SX,"$32,998",CarMax Jackson (MS),Automatic,Four-Wheel Drive,Hybrid,0,6 reviews,N/A,"52,701 mi."
2023 BMW X5 PHEV XDrive45e,"$44,998",CarMax St. Louis South Lindbergh,Automatic,Four-Wheel Drive,Hybrid,0,0 reviews,N/A,"49,693 mi."
2024 Jeep Wrangler 4xe Sport,"$42,998",Jones Used Cars,Automatic,Four-Wheel Drive,Hybrid,3.2,223 reviews,"Bel Air, MD (25 mi.)","1,934 mi."
2021 Jeep Wrangler Unlimited Rubicon,"$43,599",Rosenthal Acura,Automatic,Four-Wheel Drive,Hybrid,4.2,295 reviews,"Gaithersburg, MD (30 mi.)","44,535 mi."
2023 Toyota Sequoia Platinum,"$68,988",Ted Britt Ford - We Will Buy Your Car,Automatic,Four-Wheel Drive,Hybrid,0,308 reviews,"Fairfax, VA (44 mi.)","32,047 mi."
2024 Jeep Wrangler 4xe Sport,"$44,990",Susquehanna Chrysler Dodge Jeep RAM,Automatic,Four-Wheel Drive,Hybrid,4.2,573 reviews,"Wrightsville, PA (55 mi.)","1,261 mi."
2023 Jeep Wrangler 4xe Rubicon,"$48,490",Susquehanna Chrysler Dodge Jeep RAM,Automatic,Four-Wheel Drive,Hybrid,4.2,573 reviews,"Wrightsville, PA (55 mi.)","3,946 mi."
2023 Jeep Wrangler 4xe Rubicon,"$46,990",Susquehanna Chrysler Dodge Jeep RAM,Automatic,Four-Wheel Drive,Hybrid,4.2,573 reviews,"Wrightsville, PA (55 mi.)","8,679 mi."
2023 Jeep Wrangler 4xe Rubicon,"$46,990",Susquehanna Chrysler Dodge Jeep RAM,Automatic,Four-Wheel Drive,Hybrid,4.2,573 reviews,"Wrightsville, PA (55 mi.)","7,984 mi."
2023 Jeep Wrangler 4xe Rubicon,"$46,990",Susquehanna Chrysler Dodge Jeep RAM,Automatic,Four-Wheel Drive,Hybrid,4.2,573 reviews,"Wrightsville, PA (55 mi.)","8,630 mi."
2023 Jeep Wrangler 4xe Rubicon,"$46,490",Susquehanna Chrysler Dodge Jeep RAM,Automatic,Four-Wheel Drive,Hybrid,4.2,573 reviews,"Wrightsville, PA (55 mi.)","10,291 mi."
2024 Toyota Tundra Hybrid 1794 Edition,"$59,995",Leonardtown Ford,Automatic,Four-Wheel Drive,Hybrid,4.9,154 reviews,"Leonardtown, MD (65 mi.)","12,213 mi."
2021 Jeep Wrangler Unlimited 4xe Unlimited Rubicon 4x4,"$40,893",David Dodge Chrysler Jeep RAM,Automatic,Four-Wheel Drive,Hybrid,4.9,"5,144 reviews","Glen Mills, PA (75 mi.)","33,819 mi."
2024 Jeep Grand Cherokee 4xe,"$36,997",David Dodge Chrysler Jeep RAM,Automatic,Four-Wheel Drive,Hybrid,4.9,"5,144 reviews","Glen Mills, PA (75 mi.)","15,161 mi."
2024 Jeep Wrangler 4xe Willys,"$44,879",David Dodge Chrysler Jeep RAM,Automatic,Four-Wheel Drive,Hybrid,4.9,"5,144 reviews","Glen Mills, PA (75 mi.)","6,926 mi."
2023 Jeep Wrangler 4xe 4x4,"$38,820",David Dodge Chrysler Jeep RAM,Automatic,Four-Wheel Drive,Hybrid,4.9,"5,144 reviews","Glen Mills, PA (75 mi.)","11,959 mi."
2021 Jeep Wrangler Unlimited 4xe Unlimited Sahara 4x4,"$35,997",David Dodge Chrysler Jeep RAM,Automatic,Four-Wheel Drive,Hybrid,4.9,"5,144 reviews","Glen Mills, PA (75 mi.)","43,730 mi."
2022 Jeep Wrangler Unlimited 4xe Unlimited Sahara 4x4,"$34,999",David Dodge Chrysler Jeep RAM,Automatic,Four-Wheel Drive,Hybrid,4.9,"5,144 reviews","Glen Mills, PA (75 mi.)","39,771 mi."
2022 Toyota Tundra Capstone Hybrid,"$56,997",Team Toyota of Glen Mills,Automatic,Four-Wheel Drive,Hybrid,3.7,"1,305 reviews","Glen Mills, PA (76 mi.)","25,680 mi."
2018 Ford F-150 Raptor,"$40,662",Al Packer Ford,Automatic,Four-Wheel Drive,Hybrid,4.2,"2,172 reviews","Baltimore, MD (15 mi.)","90,877 mi."
2022 Toyota Tundra Hybrid Capstone,"$57,000",Criswell Chevrolet Buick GMC of Gaithersburg,Automatic,Four-Wheel Drive,Hybrid,4.7,"2,220 reviews","Gaithersburg, MD (30 mi.)","36,824 mi."
2023 Toyota Tundra Hybrid Capstone,"$63,995",Alexandria Toyota,Automatic,Four-Wheel Drive,Hybrid,4.5,601 reviews,"Alexandria, VA (35 mi.)","4,451 mi."
2023 Toyota Sequoia Platinum,"$74,795",Koons Tysons Toyota,Automatic,Four-Wheel Drive,Hybrid,4.7,"2,443 reviews","Vienna, VA (37 mi.)","5,055 mi."
2021 Jeep Wrangler Unlimited 4xe Unlimited Sahara High Altitude,"$40,998",CarMax Des Moines,Automatic,Four-Wheel Drive,Hybrid,0,11 reviews,N/A,"47,964 mi."
2023 Jeep Wrangler 4xe Unlimited Rubicon,"$50,998",CarMax Kenosha,Automatic,Four-Wheel Drive,Hybrid,0,8 reviews,N/A,"5,414 mi."
2021 Land Rover Range Rover Westminster,Not Priced,Jaguar Land Rover Tysons Corner,Automatic,Four-Wheel Drive,Hybrid,4.6,"1,091 reviews","Vienna, VA (38 mi.)","45,217 mi."
2023 Jeep Grand Cherokee 4xe Trailhawk,"$49,998",CarMax Dulles,Automatic,Four-Wheel Drive,Hybrid,0,26 reviews,"Sterling, VA (44 mi.)","4,644 mi."
2021 Ford F-150 Lariat,"$47,399",Stohlman Subaru of Sterling,Automatic,Four-Wheel Drive,Hybrid,4.6,636 reviews,"Sterling, VA (44 mi.)","25,811 mi."
2022 Land Rover Range Rover Sport HSE Silver Edition,Not Priced,Jaguar Land Rover Chantilly,Automatic,Four-Wheel Drive,Hybrid,4.4,426 reviews,"Chantilly, VA (48 mi.)","27,495 mi."
2021 Ford F-150 XLT,"$41,900",Hertrich Ford of Elkton,Automatic,Four-Wheel Drive,Hybrid,3.1,8 reviews,"Elkton, MD (53 mi.)","37,582 mi."
2023 Jeep Grand Cherokee 4xe Overland,"$53,990",Susquehanna Chrysler Dodge Jeep RAM,Automatic,Four-Wheel Drive,Hybrid,4.2,573 reviews,"Wrightsville, PA (55 mi.)",35 mi.
2023 Land Rover Defender SE,"$103,995",Land Rover Wilmington,Automatic,Four-Wheel Drive,Hybrid,4.9,133 reviews,"Wilmington, DE (65 mi.)",40 mi.
2024 Land Rover Defender S,"$69,995",Land Rover Wilmington,Automatic,Four-Wheel Drive,Hybrid,4.9,133 reviews,"Wilmington, DE (65 mi.)","9,321 mi."
2024 Toyota Tundra Hybrid 1794 Edition,"$63,998",Sheehy Toyota of Stafford,Automatic,Four-Wheel Drive,Hybrid,4.1,"1,443 reviews","Stafford, VA (67 mi.)","8,170 mi."
2024 Toyota Tundra Hybrid Limited,"$57,650",Sheehy Toyota of Stafford,Automatic,Four-Wheel Drive,Hybrid,4.1,"1,443 reviews","Stafford, VA (67 mi.)","5,605 mi."
2024 Toyota Tundra Hybrid Capstone,"$70,500",Sheehy Toyota of Stafford,Automatic,Four-Wheel Drive,Hybrid,4.1,"1,443 reviews","Stafford, VA (67 mi.)",2 mi.
2023 Jeep Wrangler 4xe Rubicon,Not Priced,Del Toyota,Automatic,Four-Wheel Drive,Hybrid,4.7,"6,641 reviews","Thorndale, PA (72 mi.)","35,464 mi."
2023 Land Rover Range Rover Velar R-Dynamic S,"$56,995",Jaguar Land Rover West Chester,Automatic,Four-Wheel Drive,Hybrid,0,47 reviews,"West Chester, PA (75 mi.)","14,891 mi."
2021 Land Rover Range Rover Westminster,"$65,995",Jaguar Land Rover West Chester,Automatic,Four-Wheel Drive,Hybrid,0,47 reviews,"West Chester, PA (75 mi.)","19,896 mi."
2024 Land Rover Range Rover Sport SE,"$85,995",Jaguar Land Rover West Chester,Automatic,Four-Wheel Drive,Hybrid,0,47 reviews,"West Chester, PA (75 mi.)",14 mi.
2022 Land Rover Defender SE,"$57,995",Jaguar Land Rover West Chester,Automatic,Four-Wheel Drive,Hybrid,0,47 reviews,"West Chester, PA (75 mi.)","21,410 mi."
2022 Land Rover Range Rover Sport HSE Silver Edition,"$60,995",Jaguar Land Rover West Chester,Automatic,Four-Wheel Drive,Hybrid,0,47 reviews,"West Chester, PA (75 mi.)","25,846 mi."
