Car Name,Price,Dealer Name,Transmission Type,Drivetrain,Fuel Type,Rating,Reviews,Location,Mileage
2018 Ford F-150 Raptor,"$40,662",Al Packer Ford,Automatic,Rear-Wheel Drive,Diesel,4.2,"2,172 reviews","Baltimore, MD (15 mi.)","90,877 mi."
2021 Chevrolet Silverado 1500 LT,"$29,400",Heritage Chrysler Jeep Dodge RAM Parkville,Automatic,Rear-Wheel Drive,Diesel,4.7,"2,270 reviews","Baltimore, MD (14 mi.)","64,444 mi."
2019 Mercedes-Benz Sprinter 3500XD High Roof,"$38,995",Trust Auto,Automatic,Rear-Wheel Drive,Diesel,4.6,492 reviews,"Sykesville, MD (25 mi.)","106,993 mi."
2016 Mercedes-Benz Sprinter 2500 Normal Roof,"$39,995",Trust Auto,Automatic,Rear-Wheel Drive,Diesel,4.6,492 reviews,"Sykesville, MD (25 mi.)","23,040 mi."
2021 GMC Sierra 1500 Elevation,"$37,998",CarMax Oxnard,Automatic,Rear-Wheel Drive,Diesel,0,15 reviews,N/A,"53,341 mi."
2018 Chevrolet Cruze LT,"$15,998",CarMax Murrieta,Automatic,Rear-Wheel Drive,Diesel,0,3 reviews,N/A,"28,288 mi."
2015 Mercedes-Benz Sprinter 2500 High Roof,"$28,595",Trust Auto,Automatic,Rear-Wheel Drive,Diesel,4.6,492 reviews,"Sykesville, MD (25 mi.)","88,659 mi."
2018 Jeep Grand Cherokee Limited X,"$18,195",Trust Auto,Automatic,Rear-Wheel Drive,Diesel,4.6,492 reviews,"Sykesville, MD (25 mi.)","79,099 mi."
2021 Chevrolet Silverado 3500 WT,"$37,595",Trust Auto,Automatic,Rear-Wheel Drive,Diesel,4.6,492 reviews,"Sykesville, MD (25 mi.)","70,916 mi."
2020 Mercedes-Benz Sprinter 4500 High Roof V6,"$53,500",Elite Auto Brokers,Automatic,Rear-Wheel Drive,Diesel,4.9,765 reviews,"Gaithersburg, MD (27 mi.)","20,473 mi."
2020 Mercedes-Benz Sprinter 4500 High Roof V6,"$52,995",Elite Auto Brokers,Automatic,Rear-Wheel Drive,Diesel,4.9,765 reviews,"Gaithersburg, MD (27 mi.)","23,303 mi."
2018 Mercedes-Benz Sprinter 2500 Standard Roof,"$23,950",Easterns Automotive Group of Temple Hills,Automatic,Rear-Wheel Drive,Diesel,4.9,"5,603 reviews","Temple Hills, MD (33 mi.)","91,509 mi."
2018 Mercedes-Benz Sprinter 3500 High Roof,"$75,900",Adams Chevrolet,Automatic,Rear-Wheel Drive,Diesel,4.2,283 reviews,"Havre De Grace, MD (37 mi.)","16,610 mi."
2020 Mercedes-Benz Sprinter 2500 High Roof,"$34,991",AutoNation Honda Dulles,Automatic,Rear-Wheel Drive,Diesel,4.6,"3,412 reviews","Sterling, VA (44 mi.)","108,592 mi."
2015 Ford Transit-250 Base,"$15,299",Auto Heaven Inc,Automatic,Rear-Wheel Drive,Diesel,2.9,11 reviews,"Chantilly, VA (48 mi.)","181,015 mi."
2011 BMW 335 d,"$9,499",Alternative Motor Group,Automatic,Rear-Wheel Drive,Diesel,0,3 reviews,"Chantilly, VA (50 mi.)","125,997 mi."
2014 Mercedes-Benz Sprinter 2500,"$9,990",I-Deal Cars,Automatic,Rear-Wheel Drive,Diesel,0,10 reviews,"York, PA (51 mi.)","281,440 mi."
2022 Mercedes-Benz Sprinter 2500 High Roof,"$38,500",Alpha Motorsports Manassas,Automatic,Rear-Wheel Drive,Diesel,4.6,265 reviews,"Manassas, VA (54 mi.)","46,951 mi."
2017 Mercedes-Benz Sprinter 2500 Standard Roof,"$24,995",Autos Direct of Manassas,Automatic,Rear-Wheel Drive,Diesel,3.7,23 reviews,"Manassas, VA (54 mi.)","69,853 mi."
2021 Chevrolet Silverado 3500 WT,"$31,995",Guarantee Auto Maxx,Automatic,Rear-Wheel Drive,Diesel,3.1,32 reviews,"STAFFORD, VA (63 mi.)","124,536 mi."
2012 Mercedes-Benz Sprinter 3500 3dr 144 in. WB DRW Cargo Van,"$18,750",I-Deal Cars LLC,Automatic,Rear-Wheel Drive,Diesel,4,57 reviews,"Harrisburg, PA (75 mi.)","187,014 mi."
2010 Mercedes-Benz Sprinter 3500 High Roof,"$17,990",I-Deal Cars LLC,Automatic,Rear-Wheel Drive,Diesel,4,57 reviews,"Harrisburg, PA (75 mi.)","188,492 mi."
2014 Mercedes-Benz Sprinter High Roof,"$22,750",I-Deal Cars LLC,Automatic,Rear-Wheel Drive,Diesel,4,57 reviews,"Harrisburg, PA (75 mi.)","171,015 mi."
2018 Ford F-150 Raptor,"$40,662",Al Packer Ford,Automatic,Rear-Wheel Drive,Diesel,4.2,"2,172 reviews","Baltimore, MD (15 mi.)","90,877 mi."
2018 Mercedes-Benz Sprinter 2500 Standard Roof,"$21,950",Easterns Automotive Group of Glen Burnie,Automatic,Rear-Wheel Drive,Diesel,4.9,726 reviews,"Millersville, MD (9 mi.)","108,762 mi."
2015 Mercedes-Benz Sprinter 2500,"$22,590",District Auto Group,Automatic,Rear-Wheel Drive,Diesel,5,24 reviews,"Marlow Heights, MD (32 mi.)","87,085 mi."
2015 Ford Transit-250 Base,"$19,995",Auto Buying Service,Automatic,Rear-Wheel Drive,Diesel,2.7,197 reviews,"Fairfax, VA (40 mi.)","93,628 mi."
2022 Mercedes-Benz Sprinter 2500,"$50,998",CarMax Austin North,Automatic,Rear-Wheel Drive,Diesel,0,16 reviews,N/A,"19,435 mi."
2019 Ford F-250 XL,"$41,998",CarMax O'Fallon,Automatic,Rear-Wheel Drive,Diesel,0,2 reviews,N/A,"31,477 mi."
2019 Mercedes-Benz Sprinter 2500 High Roof,"$25,163",Auto Buying Service,Automatic,Rear-Wheel Drive,Diesel,2.7,197 reviews,"Fairfax, VA (40 mi.)","66,657 mi."
2022 RAM 1500 Laramie,"$41,998",CarMax Brandywine,Automatic,Rear-Wheel Drive,Diesel,0,7 reviews,"Brandywine, MD (41 mi.)","17,712 mi."
2002 Ford F-350 XL Crew Cab,"$19,999",Dotcom Auto,Automatic,Rear-Wheel Drive,Diesel,1.8,12 reviews,"Chantilly, VA (48 mi.)","117,835 mi."
2010 Ford F-350 XL,"$14,995",Epic Motor Company,Automatic,Rear-Wheel Drive,Diesel,3.7,20 reviews,"Chantilly, VA (49 mi.)","109,192 mi."
2021 Mercedes-Benz Sprinter 2500 High Roof,"$42,995",Imperial Auto LLC,Automatic,Rear-Wheel Drive,Diesel,3.7,58 reviews,"Manassas, VA (52 mi.)","113,000 mi."
2018 Mercedes-Benz Sprinter 2500 High Roof,"$25,495",Imperial Auto LLC,Automatic,Rear-Wheel Drive,Diesel,3.7,58 reviews,"Manassas, VA (52 mi.)","100,396 mi."
2019 Mercedes-Benz Sprinter 2500 Standard Roof,"$32,995",Imperial Auto LLC,Automatic,Rear-Wheel Drive,Diesel,3.7,58 reviews,"Manassas, VA (52 mi.)","61,464 mi."
2019 RAM 2500 Tradesman Crew Cab 4x2 8' Box,"$27,163",CarGet Motors,Automatic,Rear-Wheel Drive,Diesel,4.2,10 reviews,"Woodbridge, VA (53 mi.)","107,543 mi."
2018 Mercedes-Benz Sprinter 2500 Standard Roof,"$19,995",Autos Direct of Manassas,Automatic,Rear-Wheel Drive,Diesel,3.7,23 reviews,"Manassas, VA (54 mi.)","72,295 mi."
2019 Mercedes-Benz Sprinter 2500 F 24V DIESEL,"$28,495",Carmart,Automatic,Rear-Wheel Drive,Diesel,3.1,31 reviews,"Manassas, VA (54 mi.)","40,266 mi."
2019 Mercedes-Benz Sprinter 3500 SPRINTER 2500!!!!!! DIESEL!!!!!!!!!!!!,"$25,995",Carmart,Automatic,Rear-Wheel Drive,Diesel,3.1,31 reviews,"Manassas, VA (54 mi.)","102,949 mi."
2019 Mercedes-Benz Sprinter 2500,"$17,995",Autos Direct of Manassas,Automatic,Rear-Wheel Drive,Diesel,3.7,23 reviews,"Manassas, VA (54 mi.)","148,532 mi."
2018 Mercedes-Benz Sprinter 2500 Standard Roof,"$27,945",Arlington Motors of Woodbridge,Automatic,Rear-Wheel Drive,Diesel,0,1 review,"Woodbridge, VA (55 mi.)","51,828 mi."
2013 Mercedes-Benz Sprinter High Roof,"$21,995",Guarantee Auto Maxx,Automatic,Rear-Wheel Drive,Diesel,3.1,32 reviews,"STAFFORD, VA (63 mi.)","175,939 mi."
2011 Mercedes-Benz E-Class E 350 BlueTEC,"$7,695",Mega Auto Outlet,Automatic,Rear-Wheel Drive,Diesel,1.1,68 reviews,"Stafford Virginia, VA (65 mi.)","135,858 mi."
2018 Mercedes-Benz Sprinter 2500 144,"$15,995",Mega Auto Outlet,Automatic,Rear-Wheel Drive,Diesel,1.1,68 reviews,"Stafford Virginia, VA (65 mi.)","111,021 mi."
2016 Ford Transit-350 XLT,"$43,990",I-Deal Cars LLC,Automatic,Rear-Wheel Drive,Diesel,4,57 reviews,"Harrisburg, PA (75 mi.)","99,919 mi."
2018 Ford F-150 Raptor,"$40,662",Al Packer Ford,Automatic,Rear-Wheel Drive,Diesel,4.2,"2,172 reviews","Baltimore, MD (15 mi.)","90,877 mi."
2019 Mercedes-Benz Sprinter 2500 Standard Roof,"$28,950",Easterns Automotive Group of Glen Burnie,Automatic,Rear-Wheel Drive,Diesel,4.9,726 reviews,"Millersville, MD (9 mi.)","78,722 mi."
2018 Mercedes-Benz Sprinter 2500 Standard Roof,"$27,950",Easterns Automotive Group of Baltimore,Automatic,Rear-Wheel Drive,Diesel,4.9,"5,866 reviews","Rosedale, MD (11 mi.)","42,138 mi."
2011 Ford F-250 XLT,"$24,995",Aero Motors,Automatic,Rear-Wheel Drive,Diesel,0,26 reviews,"Essex, MD (12 mi.)","73,459 mi."
2019 Mercedes-Benz Sprinter 2500,"$39,998",CarMax Austin North,Automatic,Rear-Wheel Drive,Diesel,0,16 reviews,N/A,"57,066 mi."
2019 RAM 1500 Classic Tradesman,"$24,998",CarMax Kearny Mesa,Automatic,Rear-Wheel Drive,Diesel,0,10 reviews,N/A,"61,861 mi."
2016 Mercedes-Benz Sprinter 3500 High Roof,"$18,485",Amko Auto Temple Hills,Automatic,Rear-Wheel Drive,Diesel,3.5,53 reviews,"Temple Hills, MD (33 mi.)","98,938 mi."
2018 Mercedes-Benz Sprinter 2500 Standard Roof,"$21,585",Amko Auto Temple Hills,Automatic,Rear-Wheel Drive,Diesel,3.5,53 reviews,"Temple Hills, MD (33 mi.)","55,184 mi."
2011 Mercedes-Benz Sprinter 2500,"$20,950",Prime Motors LLC,Automatic,Rear-Wheel Drive,Diesel,2.7,79 reviews,"Arlington, VA (36 mi.)","74,419 mi."
2017 Mercedes-Benz Sprinter 2500 High Roof,"$14,995",Auto Buying Service,Automatic,Rear-Wheel Drive,Diesel,2.7,197 reviews,"Fairfax, VA (40 mi.)","176,422 mi."
2019 Mercedes-Benz Sprinter 2500 High Roof,"$27,995",Auto Buying Service,Automatic,Rear-Wheel Drive,Diesel,2.7,197 reviews,"Fairfax, VA (40 mi.)","57,539 mi."
2018 Jaguar XF 20d Premium,"$21,998",CarMax Brandywine,Automatic,Rear-Wheel Drive,Diesel,0,7 reviews,"Brandywine, MD (41 mi.)","53,735 mi."
2018 Mercedes-Benz Sprinter 2500 Standard Roof,"$22,490",Easterns Automotive Group of Frederick,Automatic,Rear-Wheel Drive,Diesel,4.8,897 reviews,"Frederick, MD (43 mi.)","90,316 mi."
2017 Ford Transit-350 Base,"$29,440",Easterns Automotive Group of Sterling- Curbside and Home Delivery Available,Automatic,Rear-Wheel Drive,Diesel,4.9,"1,155 reviews","Sterling, VA (46 mi.)","94,260 mi."
2020 Mercedes-Benz Sprinter 2500 Standard Roof,"$29,995",Autos Direct of Manassas,Automatic,Rear-Wheel Drive,Diesel,3.7,23 reviews,"Manassas, VA (54 mi.)","58,093 mi."
2018 Mercedes-Benz Sprinter 2500 Standard Roof,"$17,995",Autos Direct of Manassas,Automatic,Rear-Wheel Drive,Diesel,3.7,23 reviews,"Manassas, VA (54 mi.)","103,593 mi."
2020 Mercedes-Benz Sprinter 3500 DIESEL!!!!!!!!!!!!!!!!! DULLY AND LONG!!!!!!!!!!!!,"$47,995",Carmart,Automatic,Rear-Wheel Drive,Diesel,3.1,31 reviews,"Manassas, VA (54 mi.)","33,878 mi."
2018 Mercedes-Benz Sprinter 2500 Standard Roof,"$19,995",Autos Direct of Manassas,Automatic,Rear-Wheel Drive,Diesel,3.7,23 reviews,"Manassas, VA (54 mi.)","97,247 mi."
2018 Mercedes-Benz Sprinter 2500 SPRINTER 2500!!!!!! DIESEL!!!!!!!!!!!!,"$23,795",Carmart,Automatic,Rear-Wheel Drive,Diesel,3.1,31 reviews,"Manassas, VA (54 mi.)","45,135 mi."
2021 Mercedes-Benz Sprinter 2500 High Roof,"$43,900",Alpha Motorsports Manassas,Automatic,Rear-Wheel Drive,Diesel,4.6,265 reviews,"Manassas, VA (54 mi.)","28,566 mi."
2018 Mercedes-Benz Sprinter 2500 Standard Roof,"$18,995",Autos Direct of Manassas,Automatic,Rear-Wheel Drive,Diesel,3.7,23 reviews,"Manassas, VA (54 mi.)","110,459 mi."
2024 Mercedes-Benz Sprinter 2500 Standard Roof,"$52,500",Mercedes-Benz of Lancaster,Automatic,Rear-Wheel Drive,Diesel,4.8,191 reviews,"East Petersburg, PA (62 mi.)","6,444 mi."
2024 Mercedes-Benz Sprinter 2500 Standard Roof,"$55,500",Mercedes-Benz of Lancaster,Automatic,Rear-Wheel Drive,Diesel,4.8,191 reviews,"East Petersburg, PA (62 mi.)","7,009 mi."
2018 Ford F-150 Raptor,"$40,662",Al Packer Ford,Automatic,Rear-Wheel Drive,Diesel,4.2,"2,172 reviews","Baltimore, MD (15 mi.)","90,877 mi."
2023 Chevrolet Silverado 2500 LT,"$51,000",Koons Chevrolet of White Marsh,Automatic,Rear-Wheel Drive,Diesel,4.7,"1,753 reviews","White Marsh, MD (16 mi.)",78 mi.
2004 Ford F-250 XL,"$10,999",Carma Auto,Automatic,Rear-Wheel Drive,Diesel,0,17 reviews,"Capitol Heights, MD (27 mi.)","95,164 mi."
2023 Mercedes-Benz Sprinter 2500 Standard Roof,"$65,881",Euro Motorcars Bethesda,Automatic,Rear-Wheel Drive,Diesel,4.5,623 reviews,"Bethesda, MD (29 mi.)","6,017 mi."
2017 RAM 3500 SLT,"$36,998",CarMax Santa Rosa,Automatic,Rear-Wheel Drive,Diesel,0,6 reviews,N/A,"68,173 mi."
2019 Chevrolet Silverado 2500 LTZ,"$43,998",CarMax Royal Palm Beach,Automatic,Rear-Wheel Drive,Diesel,0,1 review,N/A,"53,342 mi."
2018 Mercedes-Benz Sprinter 2500 Standard Roof,"$24,950",District Auto Group,Automatic,Rear-Wheel Drive,Diesel,5,24 reviews,"Marlow Heights, MD (32 mi.)","77,618 mi."
2016 Ford Transit-250 Base,"$24,950",District Auto Group,Automatic,Rear-Wheel Drive,Diesel,5,24 reviews,"Marlow Heights, MD (32 mi.)","71,397 mi."
2018 Mercedes-Benz Sprinter 2500 Standard Roof,"$25,950",District Auto Group,Automatic,Rear-Wheel Drive,Diesel,5,24 reviews,"Marlow Heights, MD (32 mi.)","43,765 mi."
2019 Mercedes-Benz Sprinter 2500 Standard Roof,"$18,995",Amko Auto Temple Hills,Automatic,Rear-Wheel Drive,Diesel,3.5,53 reviews,"Temple Hills, MD (33 mi.)","75,571 mi."
2019 Mercedes-Benz Sprinter 2500 Standard Roof,"$19,485",Amko Auto Temple Hills,Automatic,Rear-Wheel Drive,Diesel,3.5,53 reviews,"Temple Hills, MD (33 mi.)","127,917 mi."
2018 Mercedes-Benz Sprinter 2500 Standard Roof,"$20,950",Easterns Automotive Group of Sterling- Curbside and Home Delivery Available,Automatic,Rear-Wheel Drive,Diesel,4.9,"1,155 reviews","Sterling, VA (46 mi.)","106,492 mi."
2018 Mercedes-Benz Sprinter 2500 Standard Roof,"$19,950",Easterns Automotive Group of Sterling- Curbside and Home Delivery Available,Automatic,Rear-Wheel Drive,Diesel,4.9,"1,155 reviews","Sterling, VA (46 mi.)","134,307 mi."
2018 Mercedes-Benz Sprinter 2500 Standard Roof,"$30,950",Easterns Automotive Group of Sterling- Curbside and Home Delivery Available,Automatic,Rear-Wheel Drive,Diesel,4.9,"1,155 reviews","Sterling, VA (46 mi.)","29,913 mi."
2019 Mercedes-Benz Sprinter 2500 Standard Roof,"$24,950",Easterns Automotive Group of Sterling- Curbside and Home Delivery Available,Automatic,Rear-Wheel Drive,Diesel,4.9,"1,155 reviews","Sterling, VA (46 mi.)","58,525 mi."
2018 Mercedes-Benz Sprinter 2500 Standard Roof,"$29,950",Easterns Automotive Group of Sterling- Curbside and Home Delivery Available,Automatic,Rear-Wheel Drive,Diesel,4.9,"1,155 reviews","Sterling, VA (46 mi.)","75,205 mi."
2014 Mercedes-Benz Sprinter 2500,"$8,950",Woodbridge Public Auto Auction,Automatic,Rear-Wheel Drive,Diesel,2.8,92 reviews,"Woodbridge, VA (51 mi.)","292,320 mi."
2019 Mercedes-Benz Sprinter 2500 High Roof,"$29,995",Autos Direct of Manassas,Automatic,Rear-Wheel Drive,Diesel,3.7,23 reviews,"Manassas, VA (54 mi.)","63,200 mi."
2015 Chevrolet Silverado 2500 LTZ,"$24,945",Arlington Motors of Woodbridge,Automatic,Rear-Wheel Drive,Diesel,0,1 review,"Woodbridge, VA (55 mi.)","187,972 mi."
2022 Mercedes-Benz Sprinter 2500 Standard Roof,"$104,994",Mercedes-Benz of Lancaster,Automatic,Rear-Wheel Drive,Diesel,4.8,191 reviews,"East Petersburg, PA (62 mi.)",100 mi.
2024 Mercedes-Benz Sprinter 3500 144 WB Standard Roof Cargo,"$65,047",Mercedes-Benz of Wilmington,Automatic,Rear-Wheel Drive,Diesel,3.7,"1,802 reviews","Wilmington, DE (68 mi.)",6 mi.
2011 Ford F-250 XLT,Not Priced,Hertrich's Frederick Ford,Automatic,Rear-Wheel Drive,Diesel,4.8,464 reviews,"Seaford, DE (74 mi.)","222,648 mi."
2014 Mercedes-Benz Sprinter 2500,"$29,990",LUCAS CHEVROLET,Automatic,Rear-Wheel Drive,Diesel,N/A,N/A,"LUMBERTON, NJ (113 mi.)","52,725 mi."
2024 Mercedes-Benz Sprinter 3500 Standard Roof,"$64,000",Mercedes-Benz Doylestown,Automatic,Rear-Wheel Drive,Diesel,N/A,N/A,"Doylestown, PA (112 mi.)","3,265 mi."
2019 Mercedes-Benz Sprinter 4500 High Roof V6,"$42,495",Autos Direct of Fredericksburg - Lafayette,Automatic,Rear-Wheel Drive,Diesel,N/A,N/A,"Fredericksburg, VA (81 mi.)","59,747 mi."
2014 Mercedes-Benz Sprinter 2500,"$14,995",Bristol Auto Mall,Automatic,Rear-Wheel Drive,Diesel,N/A,N/A,"Levittown, PA (116 mi.)","148,981 mi."
2015 Mercedes-Benz Sprinter 2500,"$17,995",Bristol Auto Mall,Automatic,Rear-Wheel Drive,Diesel,N/A,N/A,"Levittown, PA (116 mi.)","129,833 mi."
2024 Mercedes-Benz Sprinter 2500 High Roof,"$53,700",Mercedes-Benz of Lehigh Valley,Automatic,Rear-Wheel Drive,Diesel,N/A,N/A,"Allentown, PA (111 mi.)","1,986 mi."
2019 Mercedes-Benz Sprinter 2500 144 WB,"$24,999",CarVision of Trooper,Automatic,Rear-Wheel Drive,Diesel,N/A,N/A,"Trooper, PA (93 mi.)","72,787 mi."
2017 Mercedes-Benz Sprinter 2500 Standard Roof,"$27,995",Bristol Auto Mall,Automatic,Rear-Wheel Drive,Diesel,N/A,N/A,"Levittown, PA (116 mi.)","188,759 mi."
2019 Mercedes-Benz Sprinter 3500 High Roof,"$32,999",VIP Auto Outlet - Southampton,Automatic,Rear-Wheel Drive,Diesel,N/A,N/A,"Southampton Township, NJ (117 mi.)","53,620 mi."
2014 Mercedes-Benz Sprinter High Roof,"$24,995",Bristol Auto Mall,Automatic,Rear-Wheel Drive,Diesel,N/A,N/A,"Levittown, PA (116 mi.)","120,542 mi."
