Car Name,Price,Dealer Name,Transmission Type,Drivetrain,Fuel Type,Rating,Reviews,Location,Mileage
2021 Ford Bronco Outer Banks,"$41,212",Al Packer Ford,CVT,Front-Wheel Drive,Hybrid,4.2,"2,172 reviews","Baltimore, MD (15 mi.)","25,430 mi."
2018 Ford Fusion Hybrid SE,"$9,895",National Motors of Ellicott City,CVT,Front-Wheel Drive,Hybrid,4.4,555 reviews,"Ellicott City, MD (8 mi.)","103,909 mi."
2014 Ford C-Max Hybrid SE,"$12,295",Carhaven,CVT,Front-Wheel Drive,Hybrid,2.9,112 reviews,"Millersville, MD (10 mi.)","16,161 mi."
2016 Ford C-Max Hybrid SE,"$10,497",Carhaven,CVT,Front-Wheel Drive,Hybrid,2.9,112 reviews,"Millersville, MD (10 mi.)","73,312 mi."
2022 Honda Insight Touring,"$23,800",Heritage Honda,CVT,Front-Wheel Drive,Hybrid,4.9,"3,674 reviews","Parkville, MD (14 mi.)","40,587 mi."
2014 Toyota Prius v Three,"$9,989",Jones Preowned Superstore,CVT,Front-Wheel Drive,Hybrid,3.2,733 reviews,"Fallston, MD (25 mi.)","154,851 mi."
2016 Ford C-Max Hybrid SEL,"$9,489",Motorcars of Gaithersburg,CVT,Front-Wheel Drive,Hybrid,0,7 reviews,"Gaithersburg, MD (27 mi.)","107,437 mi."
2012 Toyota Prius c Three,"$9,489",Motorcars of Gaithersburg,CVT,Front-Wheel Drive,Hybrid,0,7 reviews,"Gaithersburg, MD (27 mi.)","135,360 mi."
2010 Lexus HS 250h Premium,"$7,999",Q's Quality Cars LLC,CVT,Front-Wheel Drive,Hybrid,0,0 reviews,"Capitol Heights, MD (28 mi.)","145,432 mi."
2004 Honda Civic Hybrid,"$5,995",Virginia Auto Trader Co.,CVT,Front-Wheel Drive,Hybrid,2.7,61 reviews,"Arlington, VA (33 mi.)","155,116 mi."
2010 Toyota Prius III,"$9,350",Koons Tysons Toyota,CVT,Front-Wheel Drive,Hybrid,4.7,"2,444 reviews","Vienna, VA (37 mi.)","117,172 mi."
2020 Honda Accord Hybrid EX,"$22,000",Koons Tysons Toyota,CVT,Front-Wheel Drive,Hybrid,4.7,"2,444 reviews","Vienna, VA (37 mi.)","83,506 mi."
2019 Honda Insight EX,"$20,900",Bill Page Honda,CVT,Front-Wheel Drive,Hybrid,4.6,"1,718 reviews","Falls Church, VA (38 mi.)","15,461 mi."
2022 Ford Maverick XL,"$22,500",Waldorf Ford,CVT,Front-Wheel Drive,Hybrid,4.3,"1,144 reviews","Waldorf, MD (43 mi.)","62,570 mi."
2020 Toyota Prius LE,"$21,487",Hertrich Honda Kia of Easton,CVT,Front-Wheel Drive,Hybrid,0,28 reviews,"Easton, MD (49 mi.)","50,647 mi."
2022 Lexus ES 300h,"$40,795",Volvo Cars Hagerstown,CVT,Front-Wheel Drive,Hybrid,0,1 review,"Hagerstown, MD (60 mi.)","13,883 mi."
2014 Toyota Prius c One,"$15,312","Lancaster County Motors, Inc.",CVT,Front-Wheel Drive,Hybrid,4.8,912 reviews,"East Petersburg, PA (62 mi.)","50,825 mi."
2007 Honda Civic Hybrid Base (CVT),"$5,863","Lancaster County Motors, Inc.",CVT,Front-Wheel Drive,Hybrid,4.8,912 reviews,"East Petersburg, PA (62 mi.)","153,085 mi."
2010 Ford Fusion Hybrid Hybrid,"$10,995",Leonardtown Ford,CVT,Front-Wheel Drive,Hybrid,4.9,154 reviews,"Leonardtown, MD (65 mi.)","46,161 mi."
2020 Honda Insight EX,"$18,995",Sheehy Ford of Warrenton,CVT,Front-Wheel Drive,Hybrid,4.5,619 reviews,"Warrenton, VA (69 mi.)","69,653 mi."
2011 Nissan Altima Hybrid Base 4dr Sedan,"$5,995",JNM Auto Group,CVT,Front-Wheel Drive,Hybrid,2.8,48 reviews,"Warrenton, VA (71 mi.)","132,774 mi."
2021 Ford Bronco Outer Banks,"$41,212",Al Packer Ford,CVT,Front-Wheel Drive,Hybrid,4.2,"2,172 reviews","Baltimore, MD (15 mi.)","25,430 mi."
2018 Toyota Camry Hybrid XLE,"$15,500",Heritage Toyota Catonsville,CVT,Front-Wheel Drive,Hybrid,4.3,"1,798 reviews","Baltimore, MD (6 mi.)","158,928 mi."
2023 Toyota Sienna LE,"$42,000",Heritage Toyota Catonsville,CVT,Front-Wheel Drive,Hybrid,4.3,"1,798 reviews","Baltimore, MD (6 mi.)","35,497 mi."
2020 Honda Accord Hybrid EX,"$23,401",Koons Annapolis Toyota,CVT,Front-Wheel Drive,Hybrid,4.5,"1,146 reviews","Annapolis, MD (21 mi.)","47,264 mi."
2020 Ford Fusion Hybrid SE,"$15,300",Heritage Honda Bel Air,CVT,Front-Wheel Drive,Hybrid,4.9,"4,469 reviews","Fallston, MD (24 mi.)","72,373 mi."
2022 Ford Maverick XLT,"$27,000",Century Ford,CVT,Front-Wheel Drive,Hybrid,0,180 reviews,"Mt Airy, MD (27 mi.)","42,982 mi."
2018 Toyota Prius Prime Advanced,"$16,992",BMW of Rockville,CVT,Front-Wheel Drive,Hybrid,4.6,"2,722 reviews","Rockville, MD (27 mi.)","117,187 mi."
2021 Ford Escape SEL,"$26,490",Easterns Automotive Group of Temple Hills,CVT,Front-Wheel Drive,Hybrid,4.9,"5,602 reviews","Temple Hills, MD (33 mi.)","29,937 mi."
2017 Toyota Prius Prime Advanced,"$18,950",Prime Motors LLC,CVT,Front-Wheel Drive,Hybrid,2.7,80 reviews,"Arlington, VA (36 mi.)","73,041 mi."
2022 Toyota Camry Hybrid XLE,"$31,890",Koons Tysons Toyota,CVT,Front-Wheel Drive,Hybrid,4.7,"2,444 reviews","Vienna, VA (37 mi.)","28,572 mi."
2023 Toyota Sienna XLE,"$46,500",Koons Tysons Toyota,CVT,Front-Wheel Drive,Hybrid,4.7,"2,444 reviews","Vienna, VA (37 mi.)","34,380 mi."
2022 Honda Accord Hybrid EX-L,"$25,950",Easterns Automotive Group of Alexandria,CVT,Front-Wheel Drive,Hybrid,4.8,"1,026 reviews","Alexandria, VA (39 mi.)","60,260 mi."
2021 Toyota Camry Hybrid LE,"$25,991",DARCARS Used Car Center,CVT,Front-Wheel Drive,Hybrid,0,98 reviews,"Frederick, MD (43 mi.)","20,874 mi."
2019 Honda Accord Hybrid Touring,"$23,998",Williams Used Cars & Trucks,CVT,Front-Wheel Drive,Hybrid,0,82 reviews,"Elkton, MD (54 mi.)","67,383 mi."
2021 Honda Insight Touring,"$19,995",Carmart,CVT,Front-Wheel Drive,Hybrid,3.1,31 reviews,"Manassas, VA (54 mi.)","81,591 mi."
2022 Toyota Sienna XSE 7 Passenger,"$43,755",Miller Toyota,CVT,Front-Wheel Drive,Hybrid,4.6,831 reviews,"Manassas, VA (55 mi.)","51,549 mi."
2023 Honda CR-V Sport,"$33,987",Morgan Automotive Inc.,CVT,Front-Wheel Drive,Hybrid,5,"1,000 reviews","Manheim, PA (65 mi.)","6,888 mi."
2019 Honda Accord Hybrid EX,"$18,314","L. B. Smith Ford Lincoln, Inc.",CVT,Front-Wheel Drive,Hybrid,5,"2,653 reviews","Lemoyne, PA (71 mi.)","110,151 mi."
2024 Honda Accord Hybrid Base,"$31,797",Faulkner INFINITI of Mechanicsburg,CVT,Front-Wheel Drive,Hybrid,4.7,58 reviews,"Mechanicsburg, PA (72 mi.)","13,693 mi."
2017 Ford Fusion Hybrid SE,"$16,295",Hoffman Ford,CVT,Front-Wheel Drive,Hybrid,4.7,574 reviews,"Harrisburg, PA (75 mi.)","54,195 mi."
2018 Ford Fusion Hybrid SE,"$16,995",Hoffman Ford,CVT,Front-Wheel Drive,Hybrid,4.7,574 reviews,"Harrisburg, PA (75 mi.)","71,381 mi."
2021 Ford Bronco Outer Banks,"$41,212",Al Packer Ford,CVT,Front-Wheel Drive,Hybrid,4.2,"2,172 reviews","Baltimore, MD (15 mi.)","25,430 mi."
2018 Toyota Camry Hybrid LE,"$20,300",Safford Brown Toyota Glen Burnie,CVT,Front-Wheel Drive,Hybrid,4.8,"2,764 reviews","Glen Burnie, MD (6 mi.)","72,040 mi."
2022 Toyota Sienna LE,"$38,500",Sport Honda,CVT,Front-Wheel Drive,Hybrid,4.9,594 reviews,"Silver Spring, MD (19 mi.)","46,170 mi."
2022 Toyota Camry Hybrid XLE,"$26,000",Ourisman Toyota 40,CVT,Front-Wheel Drive,Hybrid,4.6,430 reviews,"Edgewood, MD (23 mi.)","72,328 mi."
2019 Toyota Prius Prime Premium,"$28,995",Jones Used Cars,CVT,Front-Wheel Drive,Hybrid,3.2,223 reviews,"Bel Air, MD (25 mi.)","18,975 mi."
2024 Toyota Camry Hybrid LE,"$29,985",Jones Used Cars,CVT,Front-Wheel Drive,Hybrid,3.2,223 reviews,"Bel Air, MD (25 mi.)","6,311 mi."
2023 Honda Accord Sport 1.5T,"$27,499",King Kia,CVT,Front-Wheel Drive,Hybrid,4.6,187 reviews,"Gaithersburg, MD (30 mi.)","37,309 mi."
2024 Honda Accord Hybrid EX-L,"$33,981",Pohanka Acura,CVT,Front-Wheel Drive,Hybrid,4.7,"1,743 reviews","Chantilly, VA (47 mi.)",470 mi.
2016 Ford Fusion SE Hybrid,"$10,981",Honda of Chantilly,CVT,Front-Wheel Drive,Hybrid,4.3,702 reviews,"Chantilly, VA (48 mi.)","108,042 mi."
2021 Toyota Camry Hybrid XSE,"$30,000",Jerry's Leesburg Chevrolet,CVT,Front-Wheel Drive,Hybrid,0,162 reviews,"Leesburg, VA (48 mi.)","26,802 mi."
2014 Toyota Prius v Two,"$7,490",Alternative Motor Group,CVT,Front-Wheel Drive,Hybrid,0,3 reviews,"Chantilly, VA (50 mi.)","187,377 mi."
2012 Toyota Camry Hybrid XLE,"$10,500",Miller Toyota,CVT,Front-Wheel Drive,Hybrid,4.6,831 reviews,"Manassas, VA (55 mi.)","152,242 mi."
2011 Ford Fusion Hybrid Base,"$7,950",Car Logic of Wrightsville,CVT,Front-Wheel Drive,Hybrid,4,29 reviews,"Wrightsville, PA (55 mi.)","153,057 mi."
2009 Toyota Camry Hybrid Base,"$8,800",Car Logic of Wrightsville,CVT,Front-Wheel Drive,Hybrid,4,29 reviews,"Wrightsville, PA (55 mi.)","121,789 mi."
2015 Toyota Prius v Three,"$11,995",Zoom Auto,CVT,Front-Wheel Drive,Hybrid,0,46 reviews,"Dumfries, VA (58 mi.)","114,125 mi."
2020 Toyota Camry Hybrid XLE,"$29,999","Lancaster County Motors, Inc.",CVT,Front-Wheel Drive,Hybrid,4.8,912 reviews,"East Petersburg, PA (62 mi.)","17,480 mi."
2017 Ford Fusion Hybrid SE,"$9,850",Mega Auto Outlet,CVT,Front-Wheel Drive,Hybrid,1.1,68 reviews,"Stafford Virginia, VA (65 mi.)","101,324 mi."
2023 Toyota Sienna XLE 8 Passenger,"$46,500",Sheehy Toyota of Stafford,CVT,Front-Wheel Drive,Hybrid,4.1,"1,443 reviews","Stafford, VA (67 mi.)","29,663 mi."
2020 Ford Fusion Energi Titanium,"$17,700",Parsons Ford Lincoln,CVT,Front-Wheel Drive,Hybrid,4.2,516 reviews,"Martinsburg, WV (69 mi.)","87,244 mi."
2019 Ford Fusion Hybrid SE,"$16,990","L. B. Smith Ford Lincoln, Inc.",CVT,Front-Wheel Drive,Hybrid,5,"2,653 reviews","Lemoyne, PA (71 mi.)","47,014 mi."
2021 Toyota Camry Hybrid XLE,"$29,990",Del Toyota,CVT,Front-Wheel Drive,Hybrid,4.7,"6,647 reviews","Thorndale, PA (72 mi.)","26,705 mi."
2021 Ford Bronco Outer Banks,"$41,212",Al Packer Ford,CVT,Front-Wheel Drive,Hybrid,4.2,"2,172 reviews","Baltimore, MD (15 mi.)","25,430 mi."
2022 Toyota Highlander Hybrid XLE,"$36,997",Anderson of Hunt Valley,CVT,Front-Wheel Drive,Hybrid,4.8,204 reviews,"Cockeysville, MD (16 mi.)","68,658 mi."
2014 Toyota Prius Five,"$12,988",Bill Kidd's Toyota Volvo Cars,CVT,Front-Wheel Drive,Hybrid,3.2,704 reviews,"Cockeysville, MD (17 mi.)","101,726 mi."
2023 Toyota Camry SE,"$28,745",Herb Gordon Subaru,CVT,Front-Wheel Drive,Hybrid,5,"1,544 reviews","Silver Spring, MD (19 mi.)","25,936 mi."
2022 Toyota Sienna LE,"$40,955",Koons Annapolis Toyota,CVT,Front-Wheel Drive,Hybrid,4.5,"1,146 reviews","Annapolis, MD (21 mi.)","41,038 mi."
2015 Toyota Prius Three,"$17,000",Koons Annapolis Toyota,CVT,Front-Wheel Drive,Hybrid,4.5,"1,146 reviews","Annapolis, MD (21 mi.)","71,910 mi."
2023 Toyota Sienna LE,"$41,000",Koons Annapolis Toyota,CVT,Front-Wheel Drive,Hybrid,4.5,"1,146 reviews","Annapolis, MD (21 mi.)","39,808 mi."
2022 Toyota Sienna XLE,"$44,000",Koons Annapolis Toyota,CVT,Front-Wheel Drive,Hybrid,4.5,"1,146 reviews","Annapolis, MD (21 mi.)","57,842 mi."
2024 Toyota Camry Hybrid SE,"$30,995",Jones Preowned Superstore,CVT,Front-Wheel Drive,Hybrid,3.2,733 reviews,"Fallston, MD (25 mi.)","4,951 mi."
2023 Toyota Prius LE,"$28,990",DARCARS 355 Toyota Rockville,CVT,Front-Wheel Drive,Hybrid,2.7,287 reviews,"Rockville, MD (28 mi.)","37,903 mi."
2022 Toyota Camry LE,"$24,499",King Kia,CVT,Front-Wheel Drive,Hybrid,4.6,187 reviews,"Gaithersburg, MD (30 mi.)","51,672 mi."
2021 Toyota Sienna LE,"$30,000",Malloy Ford of Alexandria,CVT,Front-Wheel Drive,Hybrid,2.5,665 reviews,"Alexandria, VA (39 mi.)","84,792 mi."
2021 Chrysler Pacifica Hybrid Pinnacle,"$36,281",Pohanka Acura,CVT,Front-Wheel Drive,Hybrid,4.7,"1,743 reviews","Chantilly, VA (47 mi.)","18,261 mi."
2020 Lexus ES 300h Base,"$32,981",Pohanka Acura,CVT,Front-Wheel Drive,Hybrid,4.7,"1,743 reviews","Chantilly, VA (47 mi.)","23,876 mi."
2023 Lexus ES 300h Base,"$41,821",Honda of Chantilly,CVT,Front-Wheel Drive,Hybrid,4.3,702 reviews,"Chantilly, VA (48 mi.)","26,932 mi."
2022 Toyota Prius Limited,"$19,000",Jerry's Leesburg Ford,CVT,Front-Wheel Drive,Hybrid,4.5,341 reviews,"Leesburg, VA (48 mi.)","128,071 mi."
2023 Chrysler Pacifica Hybrid Limited,"$39,800",Lindsay Chrysler Dodge Jeep Ram,CVT,Front-Wheel Drive,Hybrid,4.7,"1,761 reviews","Manassas, VA (53 mi.)","21,700 mi."
2018 Toyota Prius Four,"$22,500",Guarantee Auto Maxx,CVT,Front-Wheel Drive,Hybrid,3.1,32 reviews,"STAFFORD, VA (63 mi.)","43,239 mi."
2022 Ford Escape SEL,"$29,057",Faulkner Hyundai Harrisburg,CVT,Front-Wheel Drive,Hybrid,4.4,676 reviews,"Harrisburg, PA (71 mi.)","6,012 mi."
2022 Toyota Camry LE,"$25,990",Del Toyota,CVT,Front-Wheel Drive,Hybrid,4.7,"6,647 reviews","Thorndale, PA (72 mi.)","55,311 mi."
2011 Toyota Camry Hybrid,"$5,495",RideSmart Auto,CVT,Front-Wheel Drive,Hybrid,4.9,520 reviews,"Honey Brook, PA (74 mi.)","242,442 mi."
2021 Ford Bronco Outer Banks,"$41,212",Al Packer Ford,CVT,Front-Wheel Drive,Hybrid,4.2,"2,172 reviews","Baltimore, MD (15 mi.)","25,430 mi."
2013 Toyota Prius Three,"$12,788",Bill Kidd's Toyota Volvo Cars,CVT,Front-Wheel Drive,Hybrid,3.2,704 reviews,"Cockeysville, MD (17 mi.)","100,052 mi."
2023 Honda Accord Hybrid Sport-L,"$30,750",Sport Honda,CVT,Front-Wheel Drive,Hybrid,4.9,594 reviews,"Silver Spring, MD (19 mi.)","17,518 mi."
2024 Honda CR-V Hybrid Sport-L,"$35,000",Heritage Honda Bel Air,CVT,Front-Wheel Drive,Hybrid,4.9,"4,469 reviews","Fallston, MD (24 mi.)","17,166 mi."
2017 Toyota Prius Prime Advanced,"$15,995",Jones Preowned Superstore,CVT,Front-Wheel Drive,Hybrid,3.2,733 reviews,"Fallston, MD (25 mi.)","127,644 mi."
2016 Ford Fusion Hybrid SE,"$15,700",Cherner Brothers Auto Brokers,CVT,Front-Wheel Drive,Hybrid,4.8,201 reviews,"Kensington, MD (26 mi.)","23,562 mi."
2018 Ford Fusion Hybrid SE,"$11,395",Motorcars of Gaithersburg,CVT,Front-Wheel Drive,Hybrid,0,7 reviews,"Gaithersburg, MD (27 mi.)","106,886 mi."
2024 Toyota Prius LE,"$32,250",Koons Tysons Toyota,CVT,Front-Wheel Drive,Hybrid,4.7,"2,444 reviews","Vienna, VA (37 mi.)","2,109 mi."
2021 Toyota Prius LE,"$21,150",Koons Tysons Toyota,CVT,Front-Wheel Drive,Hybrid,4.7,"2,444 reviews","Vienna, VA (37 mi.)","66,843 mi."
2021 Toyota Sienna XLE,"$46,250",Koons Tysons Toyota,CVT,Front-Wheel Drive,Hybrid,4.7,"2,444 reviews","Vienna, VA (37 mi.)","49,954 mi."
2022 Honda Accord Hybrid Base,"$27,500",Ourisman Honda of Tysons Corner,CVT,Front-Wheel Drive,Hybrid,3.7,529 reviews,"Vienna, VA (38 mi.)","33,711 mi."
2023 Toyota Prius XLE,"$32,191",DARCARS Used Car Center,CVT,Front-Wheel Drive,Hybrid,0,98 reviews,"Frederick, MD (43 mi.)","11,935 mi."
2021 Toyota Camry Hybrid LE,"$20,500",Waldorf Ford,CVT,Front-Wheel Drive,Hybrid,4.3,"1,144 reviews","Waldorf, MD (43 mi.)","95,805 mi."
2023 Chrysler Pacifica Hybrid Touring L,"$33,000",DARCARS Chrysler Jeep Waldorf,CVT,Front-Wheel Drive,Hybrid,4,64 reviews,"Waldorf, MD (44 mi.)","29,508 mi."
2021 Honda Accord Hybrid Touring,"$30,250",Pohanka Lexus,CVT,Front-Wheel Drive,Hybrid,3.9,"1,912 reviews","Chantilly, VA (48 mi.)","20,577 mi."
2023 Toyota Camry Hybrid SE,"$26,660",Buchanan Automotive Inc.,CVT,Front-Wheel Drive,Hybrid,3.9,388 reviews,"Waynesboro, PA (59 mi.)","83,378 mi."
2009 Toyota Camry Hybrid Base,"$9,899",Manheim Used Car Factory,CVT,Front-Wheel Drive,Hybrid,0,0 reviews,"Manheim, PA (66 mi.)","90,254 mi."
2021 Toyota Sienna XLE 8 Passenger,"$38,998",Sheehy Toyota of Stafford,CVT,Front-Wheel Drive,Hybrid,4.1,"1,443 reviews","Stafford, VA (67 mi.)","45,925 mi."
2023 Toyota Sienna XLE,"$44,998",Sheehy Toyota of Stafford,CVT,Front-Wheel Drive,Hybrid,4.1,"1,443 reviews","Stafford, VA (67 mi.)","47,333 mi."
2021 Toyota Sienna LE,"$30,300",CMA's Chevrolet of Martinsburg,CVT,Front-Wheel Drive,Hybrid,0,66 reviews,"Martinsburg, WV (72 mi.)","79,008 mi."
2015 Toyota Prius Three,"$11,995",Del Toyota,CVT,Front-Wheel Drive,Hybrid,4.7,"6,647 reviews","Thorndale, PA (72 mi.)","146,928 mi."
2021 Ford Bronco Outer Banks,"$41,212",Al Packer Ford,CVT,Front-Wheel Drive,Hybrid,4.2,"2,172 reviews","Baltimore, MD (15 mi.)","25,430 mi."
2021 Toyota Camry LE,"$24,800",Heritage Subaru Catonsville,CVT,Front-Wheel Drive,Hybrid,4.8,"1,395 reviews","Catonsville, MD (6 mi.)","36,310 mi."
2022 Toyota Camry LE,"$26,741",Safford Brown Toyota Glen Burnie,CVT,Front-Wheel Drive,Hybrid,4.8,"2,764 reviews","Glen Burnie, MD (6 mi.)","31,841 mi."
2017 Toyota Prius Prime Premium,"$17,987",Norris Auto Group,CVT,Front-Wheel Drive,Hybrid,4.6,719 reviews,"Baltimore, MD (10 mi.)","67,576 mi."
2023 Chrysler Pacifica Hybrid Limited,"$43,096",Don White's Timonium Chrysler Jeep Dodge and RAM,CVT,Front-Wheel Drive,Hybrid,4.4,447 reviews,"Cockeysville, MD (17 mi.)","5,581 mi."
2024 Toyota Corolla Hybrid LE,"$23,000",Ourisman Toyota 40,CVT,Front-Wheel Drive,Hybrid,4.6,430 reviews,"Edgewood, MD (23 mi.)","59,896 mi."
2024 Honda Accord Hybrid Base,"$33,998",Jones Kia and Used Cars,CVT,Front-Wheel Drive,Hybrid,3.1,193 reviews,"Fallston, MD (24 mi.)","2,951 mi."
2015 Toyota Prius Two,"$15,996",Jones Used Cars,CVT,Front-Wheel Drive,Hybrid,3.2,223 reviews,"Bel Air, MD (25 mi.)","91,503 mi."
2013 Toyota Prius Four,"$11,998",Jones Preowned Superstore,CVT,Front-Wheel Drive,Hybrid,3.2,733 reviews,"Fallston, MD (25 mi.)","145,863 mi."
2015 Lexus CT 200h Base,"$13,958",Motorcars of Gaithersburg,CVT,Front-Wheel Drive,Hybrid,0,7 reviews,"Gaithersburg, MD (27 mi.)","103,400 mi."
2024 Honda Accord Hybrid Base,"$33,500",Safford Brown Honda Arlington,CVT,Front-Wheel Drive,Hybrid,4.3,889 reviews,"Arlington, VA (34 mi.)","5,111 mi."
2013 Toyota Avalon Hybrid XLE Touring,"$15,895",Renn Kirby Mitsubishi,CVT,Front-Wheel Drive,Hybrid,4.3,153 reviews,"Frederick, MD (41 mi.)","83,374 mi."
2022 Honda Accord Hybrid Sport,"$27,500",Jim McKay Chevrolet,CVT,Front-Wheel Drive,Hybrid,2.5,307 reviews,"Fairfax, VA (43 mi.)","14,115 mi."
2020 Lexus ES 300h Luxury,"$35,550",Pohanka Lexus,CVT,Front-Wheel Drive,Hybrid,3.9,"1,912 reviews","Chantilly, VA (48 mi.)","48,480 mi."
2023 Honda Accord Hybrid Touring,"$35,600",Jerry's Leesburg Chevrolet,CVT,Front-Wheel Drive,Hybrid,0,162 reviews,"Leesburg, VA (48 mi.)","7,110 mi."
2013 Ford Fusion Hybrid SE Hybrid,"$8,950",Car Logic of Wrightsville,CVT,Front-Wheel Drive,Hybrid,4,29 reviews,"Wrightsville, PA (55 mi.)","134,348 mi."
2023 Toyota Camry Hybrid XSE,"$33,995",Leonardtown Ford,CVT,Front-Wheel Drive,Hybrid,4.9,154 reviews,"Leonardtown, MD (65 mi.)","17,904 mi."
2022 Toyota Corolla Hybrid LE,"$24,500",Sheehy Toyota of Stafford,CVT,Front-Wheel Drive,Hybrid,4.1,"1,443 reviews","Stafford, VA (67 mi.)","12,268 mi."
2020 Ford Fusion Hybrid SE,"$19,800",Parsons Ford Lincoln,CVT,Front-Wheel Drive,Hybrid,4.2,516 reviews,"Martinsburg, WV (69 mi.)","37,763 mi."
2010 Toyota Prius II,"$6,925",Cars Trend LLC,CVT,Front-Wheel Drive,Hybrid,3.7,22 reviews,"Harrisburg, PA (71 mi.)","140,275 mi."
2020 Toyota Camry Hybrid XLE,"$29,492",Team Toyota of Glen Mills,CVT,Front-Wheel Drive,Hybrid,3.7,"1,305 reviews","Glen Mills, PA (76 mi.)","13,535 mi."
2021 Ford Bronco Outer Banks,"$41,212",Al Packer Ford,CVT,Front-Wheel Drive,Hybrid,4.2,"2,172 reviews","Baltimore, MD (15 mi.)","25,430 mi."
2020 Toyota Corolla Hybrid LE,"$16,176",National Motors of Ellicott City,CVT,Front-Wheel Drive,Hybrid,4.4,555 reviews,"Ellicott City, MD (8 mi.)","70,991 mi."
2022 Toyota Prius Prime XLE,"$27,000",Heritage Toyota Owings Mills,CVT,Front-Wheel Drive,Hybrid,4.7,"1,346 reviews","Owings Mills, MD (13 mi.)","26,156 mi."
2021 Chrysler Pacifica Hybrid Limited,"$26,200",Koons Annapolis Toyota,CVT,Front-Wheel Drive,Hybrid,4.5,"1,146 reviews","Annapolis, MD (21 mi.)","74,927 mi."
2020 Lexus ES 300h Base,"$32,996",Jones Preowned Superstore,CVT,Front-Wheel Drive,Hybrid,3.2,733 reviews,"Fallston, MD (25 mi.)","38,301 mi."
2017 Toyota Prius Two,"$19,962",Ourisman Kia of Bethesda,CVT,Front-Wheel Drive,Hybrid,0,2 reviews,"Bethesda, MD (29 mi.)","41,639 mi."
2020 Honda Accord Hybrid Touring,"$21,500",Malloy Ford of Alexandria,CVT,Front-Wheel Drive,Hybrid,2.5,665 reviews,"Alexandria, VA (39 mi.)","84,227 mi."
2023 Lexus ES 300h Base,"$43,977",Pohanka Lexus,CVT,Front-Wheel Drive,Hybrid,3.9,"1,912 reviews","Chantilly, VA (48 mi.)","17,440 mi."
2015 Lexus CT 200h Base,"$21,177",Pohanka Lexus,CVT,Front-Wheel Drive,Hybrid,3.9,"1,912 reviews","Chantilly, VA (48 mi.)","61,214 mi."
2020 Lexus ES 300h Base,"$29,900",Pohanka Lexus,CVT,Front-Wheel Drive,Hybrid,3.9,"1,912 reviews","Chantilly, VA (48 mi.)","74,567 mi."
2023 Honda Accord Hybrid Sport,"$26,981",Honda of Chantilly,CVT,Front-Wheel Drive,Hybrid,4.3,702 reviews,"Chantilly, VA (48 mi.)","49,525 mi."
2019 Lexus ES 300h Luxury,"$35,977",Pohanka Lexus,CVT,Front-Wheel Drive,Hybrid,3.9,"1,912 reviews","Chantilly, VA (48 mi.)","34,543 mi."
2019 Lexus ES 300h Luxury,"$29,250",Pohanka Lexus,CVT,Front-Wheel Drive,Hybrid,3.9,"1,912 reviews","Chantilly, VA (48 mi.)","77,788 mi."
2018 Lexus ES 300h Base,"$22,855",Parsons Opequon Motors,CVT,Front-Wheel Drive,Hybrid,0,15 reviews,"Martinsburg, WV (70 mi.)","97,766 mi."
2007 Toyota Prius Touring,"$7,990",I-Deal Cars LLC,CVT,Front-Wheel Drive,Hybrid,4,57 reviews,"Harrisburg, PA (75 mi.)","116,694 mi."
2023 Honda Accord Hybrid Touring,"$35,139",Reedman Toll Honda of Downingtown,CVT,Front-Wheel Drive,Hybrid,2.9,180 reviews,"Downingtown, PA (75 mi.)","4,987 mi."
2021 Toyota Sienna LE 8 Passenger,"$40,991",Team Toyota of Glen Mills,CVT,Front-Wheel Drive,Hybrid,3.7,"1,305 reviews","Glen Mills, PA (76 mi.)","21,452 mi."
2022 Toyota Sienna Platinum,"$92,500",Team Toyota of Glen Mills,CVT,Front-Wheel Drive,Hybrid,3.7,"1,305 reviews","Glen Mills, PA (76 mi.)","5,042 mi."
2022 Toyota Sienna LE,"$36,892",Team Toyota of Glen Mills,CVT,Front-Wheel Drive,Hybrid,3.7,"1,305 reviews","Glen Mills, PA (76 mi.)","65,422 mi."
2023 Toyota Sienna XSE 25th Anniversary,"$54,492",Team Toyota of Glen Mills,CVT,Front-Wheel Drive,Hybrid,3.7,"1,305 reviews","Glen Mills, PA (76 mi.)","23,640 mi."
2022 Toyota Sienna XLE,"$79,995",Team Toyota of Glen Mills,CVT,Front-Wheel Drive,Hybrid,3.7,"1,305 reviews","Glen Mills, PA (76 mi.)","1,819 mi."
2021 Ford Bronco Outer Banks,"$41,212",Al Packer Ford,CVT,Front-Wheel Drive,Hybrid,4.2,"2,172 reviews","Baltimore, MD (15 mi.)","25,430 mi."
2020 Toyota Camry Hybrid XLE,"$26,500",Heritage Toyota Catonsville,CVT,Front-Wheel Drive,Hybrid,4.3,"1,798 reviews","Baltimore, MD (6 mi.)","52,010 mi."
2015 Toyota Prius c Three,"$11,000",Heritage Toyota Catonsville,CVT,Front-Wheel Drive,Hybrid,4.3,"1,798 reviews","Baltimore, MD (6 mi.)","137,535 mi."
2022 Chrysler Pacifica Hybrid Touring L,Not Priced,Apple Ford Lincoln,CVT,Front-Wheel Drive,Hybrid,3.1,938 reviews,"Columbia, MD (9 mi.)","71,333 mi."
2015 Ford Fusion Hybrid S,"$12,795",Carhaven,CVT,Front-Wheel Drive,Hybrid,2.9,112 reviews,"Millersville, MD (10 mi.)","50,700 mi."
2014 Ford Fusion Hybrid SE,"$11,397",Carhaven,CVT,Front-Wheel Drive,Hybrid,2.9,112 reviews,"Millersville, MD (10 mi.)","42,281 mi."
2022 Toyota Corolla Hybrid LE,"$25,000",Ourisman Honda of Laurel -Se Hablo Espanol,CVT,Front-Wheel Drive,Hybrid,4.7,193 reviews,"Laurel, MD (12 mi.)","32,547 mi."
2015 Toyota Prius Three,"$18,988",Bill Kidd's Toyota Volvo Cars,CVT,Front-Wheel Drive,Hybrid,3.2,704 reviews,"Cockeysville, MD (17 mi.)","61,956 mi."
2023 Honda Accord Hybrid Sport-L,"$31,500",Sport Honda,CVT,Front-Wheel Drive,Hybrid,4.9,594 reviews,"Silver Spring, MD (19 mi.)","21,084 mi."
2024 Toyota Sienna LE,"$69,516",Koons Ford of Annapolis,CVT,Front-Wheel Drive,Hybrid,4.5,"1,565 reviews","Annapolis, MD (20 mi.)",8 mi.
2024 Toyota Sienna XLE,"$93,262",Koons Ford of Annapolis,CVT,Front-Wheel Drive,Hybrid,4.5,"1,565 reviews","Annapolis, MD (20 mi.)",4 mi.
2012 Toyota Prius Four,"$12,998",Jones Preowned Superstore,CVT,Front-Wheel Drive,Hybrid,3.2,733 reviews,"Fallston, MD (25 mi.)","105,350 mi."
2009 Toyota Prius,"$6,950",Prime Motors LLC,CVT,Front-Wheel Drive,Hybrid,2.7,80 reviews,"Arlington, VA (36 mi.)","126,989 mi."
2023 Honda Accord Hybrid Sport-L,"$30,600",Bill Page Honda,CVT,Front-Wheel Drive,Hybrid,4.6,"1,718 reviews","Falls Church, VA (38 mi.)","26,796 mi."
2022 Ford Escape PHEV Titanium,"$24,000",Waldorf Ford,CVT,Front-Wheel Drive,Hybrid,4.3,"1,144 reviews","Waldorf, MD (43 mi.)","63,086 mi."
2023 Toyota Corolla Hybrid LE,"$24,913",Safford Brown CDJR Sterling,CVT,Front-Wheel Drive,Hybrid,4.6,545 reviews,"Sterling, VA (44 mi.)","18,443 mi."
2007 Toyota Prius Base (CVT-E),"$6,842",Miller Toyota,CVT,Front-Wheel Drive,Hybrid,4.6,831 reviews,"Manassas, VA (55 mi.)","176,661 mi."
2022 Honda Accord Hybrid Touring,"$29,925",Nucar Chevrolet of New Castle,CVT,Front-Wheel Drive,Hybrid,2.6,604 reviews,"New Castle, DE (66 mi.)","32,416 mi."
2012 Ford Fusion Hybrid Base,"$8,990",Pine Manor Auto Sales,CVT,Front-Wheel Drive,Hybrid,0,16 reviews,"Middletown, PA (67 mi.)","73,940 mi."
2015 Toyota Prius Two,"$15,495",RideSmart Auto,CVT,Front-Wheel Drive,Hybrid,4.9,520 reviews,"Honey Brook, PA (74 mi.)","69,734 mi."
2022 Toyota Avalon Hybrid XLE,"$31,492",Team Toyota of Glen Mills,CVT,Front-Wheel Drive,Hybrid,3.7,"1,305 reviews","Glen Mills, PA (76 mi.)","36,923 mi."
2021 Ford Bronco Outer Banks,"$41,212",Al Packer Ford,CVT,Front-Wheel Drive,Hybrid,4.2,"2,172 reviews","Baltimore, MD (15 mi.)","25,430 mi."
2024 Toyota Sienna XLE,"$91,213",Koons Ford of Annapolis,CVT,Front-Wheel Drive,Hybrid,4.5,"1,565 reviews","Annapolis, MD (20 mi.)",5 mi.
2024 Toyota Sienna XLE,"$92,837",Koons Ford of Annapolis,CVT,Front-Wheel Drive,Hybrid,4.5,"1,565 reviews","Annapolis, MD (20 mi.)",4 mi.
2024 Toyota Sienna LE,"$72,906",Koons Ford of Annapolis,CVT,Front-Wheel Drive,Hybrid,4.5,"1,565 reviews","Annapolis, MD (20 mi.)",5 mi.
2024 Toyota Sienna XLE,"$91,232",Koons Ford of Annapolis,CVT,Front-Wheel Drive,Hybrid,4.5,"1,565 reviews","Annapolis, MD (20 mi.)",4 mi.
2024 Toyota Sienna LE,"$73,006",Koons Ford of Annapolis,CVT,Front-Wheel Drive,Hybrid,4.5,"1,565 reviews","Annapolis, MD (20 mi.)",5 mi.
2024 Toyota Sienna XLE,"$92,837",Koons Ford of Annapolis,CVT,Front-Wheel Drive,Hybrid,4.5,"1,565 reviews","Annapolis, MD (20 mi.)",4 mi.
2024 Toyota Sienna XLE,"$90,490",Koons Ford of Annapolis,CVT,Front-Wheel Drive,Hybrid,4.5,"1,565 reviews","Annapolis, MD (20 mi.)",4 mi.
2024 Toyota Sienna LE,"$73,656",Koons Ford of Annapolis,CVT,Front-Wheel Drive,Hybrid,4.5,"1,565 reviews","Annapolis, MD (20 mi.)",5 mi.
2022 Toyota Sienna XLE,Not Priced,Koons Ford of Annapolis,CVT,Front-Wheel Drive,Hybrid,4.5,"1,565 reviews","Annapolis, MD (20 mi.)","21,456 mi."
2024 Toyota Sienna LE,"$82,880",Koons Ford of Annapolis,CVT,Front-Wheel Drive,Hybrid,4.5,"1,565 reviews","Annapolis, MD (20 mi.)",183 mi.
2020 Toyota Avalon Hybrid Limited,"$30,945",DARCARS Lexus Of Silver Spring,CVT,Front-Wheel Drive,Hybrid,4.6,"1,787 reviews","Silver Spring, MD (20 mi.)","61,373 mi."
2021 Toyota Sienna LE,"$37,500",DARCARS Lexus Of Silver Spring,CVT,Front-Wheel Drive,Hybrid,4.6,"1,787 reviews","Silver Spring, MD (20 mi.)","28,057 mi."
2019 Toyota Avalon Hybrid XLE Plus,"$25,000",Ourisman Toyota 40,CVT,Front-Wheel Drive,Hybrid,4.6,430 reviews,"Edgewood, MD (23 mi.)","85,712 mi."
2017 Toyota Prius Prime,"$16,409",Bob Bell Chevrolet,CVT,Front-Wheel Drive,Hybrid,4,581 reviews,"Bel Air, MD (25 mi.)","126,347 mi."
2023 Toyota Corolla Hybrid SE,"$25,990",DARCARS 355 Toyota Rockville,CVT,Front-Wheel Drive,Hybrid,2.7,287 reviews,"Rockville, MD (28 mi.)","32,744 mi."
2021 Toyota Sienna Limited 7-Passenger,"$30,999",King Kia,CVT,Front-Wheel Drive,Hybrid,4.6,187 reviews,"Gaithersburg, MD (30 mi.)","98,846 mi."
2022 Honda Accord Hybrid Base,Not Priced,Safford Brown Honda Arlington,CVT,Front-Wheel Drive,Hybrid,4.3,889 reviews,"Arlington, VA (34 mi.)","34,495 mi."
2020 Toyota Camry LE,"$21,995",Alexandria Toyota,CVT,Front-Wheel Drive,Hybrid,4.5,601 reviews,"Alexandria, VA (35 mi.)","82,445 mi."
2023 Toyota Camry SE,"$32,995",Alexandria Toyota,CVT,Front-Wheel Drive,Hybrid,4.5,601 reviews,"Alexandria, VA (35 mi.)","10,195 mi."
2013 Toyota Prius Two,"$12,950",Prime Motors LLC,CVT,Front-Wheel Drive,Hybrid,2.7,80 reviews,"Arlington, VA (36 mi.)","85,801 mi."
2021 Ford Bronco Outer Banks,"$41,212",Al Packer Ford,CVT,Front-Wheel Drive,Hybrid,4.2,"2,172 reviews","Baltimore, MD (15 mi.)","25,430 mi."
2017 Toyota Prius Four Touring,"$14,950",Prime Motors LLC,CVT,Front-Wheel Drive,Hybrid,2.7,80 reviews,"Arlington, VA (36 mi.)","132,614 mi."
2022 Toyota Sienna LE,"$42,500",Koons Tysons Toyota,CVT,Front-Wheel Drive,Hybrid,4.7,"2,444 reviews","Vienna, VA (37 mi.)","22,330 mi."
2012 Toyota Camry Hybrid LE,"$10,400",Koons Tysons Toyota,CVT,Front-Wheel Drive,Hybrid,4.7,"2,444 reviews","Vienna, VA (37 mi.)","131,093 mi."
2023 Toyota Prius LE,"$30,300",Koons Tysons Toyota,CVT,Front-Wheel Drive,Hybrid,4.7,"2,444 reviews","Vienna, VA (37 mi.)","21,884 mi."
2023 Toyota Prius LE,"$30,150",Koons Tysons Toyota,CVT,Front-Wheel Drive,Hybrid,4.7,"2,444 reviews","Vienna, VA (37 mi.)","22,949 mi."
2023 Toyota Sienna LE,"$42,500",Koons Tysons Toyota,CVT,Front-Wheel Drive,Hybrid,4.7,"2,444 reviews","Vienna, VA (37 mi.)","35,946 mi."
2022 Toyota Avalon Hybrid XSE Nightshade,"$36,300",Koons Tysons Toyota,CVT,Front-Wheel Drive,Hybrid,4.7,"2,444 reviews","Vienna, VA (37 mi.)","24,504 mi."
2023 Toyota Prius LE,"$29,900",Koons Tysons Toyota,CVT,Front-Wheel Drive,Hybrid,4.7,"2,444 reviews","Vienna, VA (37 mi.)","29,213 mi."
2012 Toyota Prius v Five,"$9,500",AP Fairfax,CVT,Front-Wheel Drive,Hybrid,0,504 reviews,"Fairfax, VA (42 mi.)","149,488 mi."
2022 Honda Accord Hybrid EX-L,Not Priced,National Auto of Waldorf,CVT,Front-Wheel Drive,Hybrid,3.2,263 reviews,"Waldorf, MD (43 mi.)","93,543 mi."
2019 Ford Fusion Hybrid SE,"$18,000",Waldorf Ford,CVT,Front-Wheel Drive,Hybrid,4.3,"1,144 reviews","Waldorf, MD (43 mi.)","46,735 mi."
2015 Toyota Prius Four,"$14,983",Stohlman Subaru of Sterling,CVT,Front-Wheel Drive,Hybrid,4.6,636 reviews,"Sterling, VA (44 mi.)","80,031 mi."
2021 Ford Escape PHEV Titanium,"$25,000",Ted Britt Ford - We Will Buy Your Car,CVT,Front-Wheel Drive,Hybrid,0,308 reviews,"Fairfax, VA (44 mi.)","40,069 mi."
2024 Ford Escape PHEV,"$36,820",Ted Britt Ford - We Will Buy Your Car,CVT,Front-Wheel Drive,Hybrid,0,308 reviews,"Fairfax, VA (44 mi.)",28 mi.
2024 Toyota Sienna XLE-BRAUNABILITY POWER SIDE RAMP XT,"$88,190",Pohanka Chevrolet,CVT,Front-Wheel Drive,Hybrid,4.2,497 reviews,"Chantilly, VA (47 mi.)",17 mi.
2022 Lexus ES 300h Base,"$41,700",Pohanka Lexus,CVT,Front-Wheel Drive,Hybrid,3.9,"1,912 reviews","Chantilly, VA (48 mi.)","29,466 mi."
2024 Lexus ES 300h Luxury,"$50,777",Pohanka Lexus,CVT,Front-Wheel Drive,Hybrid,3.9,"1,912 reviews","Chantilly, VA (48 mi.)",14 mi.
2019 Lexus ES 300h Luxury,"$34,550",Pohanka Lexus,CVT,Front-Wheel Drive,Hybrid,3.9,"1,912 reviews","Chantilly, VA (48 mi.)","46,434 mi."
2015 Toyota Prius Three,"$10,553",Honda of Chantilly,CVT,Front-Wheel Drive,Hybrid,4.3,702 reviews,"Chantilly, VA (48 mi.)","161,061 mi."
2023 Honda CR-V Hybrid Sport,Not Priced,Hertrich Honda Kia of Easton,CVT,Front-Wheel Drive,Hybrid,0,28 reviews,"Easton, MD (49 mi.)","17,972 mi."
2021 Ford Bronco Outer Banks,"$41,212",Al Packer Ford,CVT,Front-Wheel Drive,Hybrid,4.2,"2,172 reviews","Baltimore, MD (15 mi.)","25,430 mi."
2018 Toyota Camry Hybrid XLE,"$24,890",Toyota of York,CVT,Front-Wheel Drive,Hybrid,3.5,622 reviews,"York, PA (52 mi.)","54,995 mi."
2016 Lincoln MKZ Hybrid Base,"$11,900",Five Plus Autohaus LLC,CVT,Front-Wheel Drive,Hybrid,0,2 reviews,"Emigsville, PA (54 mi.)","81,000 mi."
2019 Toyota Camry Hybrid XLE,Not Priced,Michigan Auto,CVT,Front-Wheel Drive,Hybrid,3.1,45 reviews,"Woodbridge, VA (55 mi.)","80,172 mi."
2016 Toyota Prius v,"$18,779",Younger Toyota,CVT,Front-Wheel Drive,Hybrid,4.6,"2,096 reviews","Hagerstown, MD (60 mi.)","73,654 mi."
2021 Toyota Sienna XLE 8 Passenger,"$40,700",Sheehy Toyota of Stafford,CVT,Front-Wheel Drive,Hybrid,4.1,"1,443 reviews","Stafford, VA (67 mi.)","45,400 mi."
2021 Honda Accord Hybrid Touring,Not Priced,Union Park Honda BMW Buick GMC Volvo Cars Jaguar,CVT,Front-Wheel Drive,Hybrid,3.4,554 reviews,"Wilmington, DE (70 mi.)","20,665 mi."
2022 Toyota Prius Limited,"$28,500",CMA's Chevrolet of Martinsburg,CVT,Front-Wheel Drive,Hybrid,0,66 reviews,"Martinsburg, WV (72 mi.)","34,253 mi."
2021 Toyota Sienna LE,"$38,200",CMA's Chevrolet of Martinsburg,CVT,Front-Wheel Drive,Hybrid,0,66 reviews,"Martinsburg, WV (72 mi.)","34,627 mi."
2024 Toyota Sienna XLE,"$92,627",Team Toyota of Glen Mills,CVT,Front-Wheel Drive,Hybrid,3.7,"1,305 reviews","Glen Mills, PA (76 mi.)",21 mi.
2024 Toyota Sienna LE,Not Priced,Team Toyota of Glen Mills,CVT,Front-Wheel Drive,Hybrid,3.7,"1,305 reviews","Glen Mills, PA (76 mi.)",17 mi.
2024 Toyota Sienna XSE,Not Priced,Team Toyota of Glen Mills,CVT,Front-Wheel Drive,Hybrid,3.7,"1,305 reviews","Glen Mills, PA (76 mi.)",10 mi.
2024 Toyota Sienna LE,"$69,995",Team Toyota of Glen Mills,CVT,Front-Wheel Drive,Hybrid,3.7,"1,305 reviews","Glen Mills, PA (76 mi.)",10 mi.
2024 Toyota Sienna LE,"$79,995",Team Toyota of Glen Mills,CVT,Front-Wheel Drive,Hybrid,3.7,"1,305 reviews","Glen Mills, PA (76 mi.)",10 mi.
2024 Toyota Sienna Platinum,Not Priced,Team Toyota of Glen Mills,CVT,Front-Wheel Drive,Hybrid,3.7,"1,305 reviews","Glen Mills, PA (76 mi.)",10 mi.
2024 Toyota Sienna XLE,"$92,627",Team Toyota of Glen Mills,CVT,Front-Wheel Drive,Hybrid,3.7,"1,305 reviews","Glen Mills, PA (76 mi.)",153 mi.
2021 Toyota Prius Prime LE,"$27,991",Team Toyota of Glen Mills,CVT,Front-Wheel Drive,Hybrid,3.7,"1,305 reviews","Glen Mills, PA (76 mi.)","33,603 mi."
2024 Toyota Sienna Platinum,Not Priced,Team Toyota of Glen Mills,CVT,Front-Wheel Drive,Hybrid,3.7,"1,305 reviews","Glen Mills, PA (76 mi.)",10 mi.
2024 Toyota Sienna LE,Not Priced,Team Toyota of Glen Mills,CVT,Front-Wheel Drive,Hybrid,3.7,"1,305 reviews","Glen Mills, PA (76 mi.)",10 mi.
2017 Toyota Prius Three,"$18,991",Team Toyota of Glen Mills,CVT,Front-Wheel Drive,Hybrid,3.7,"1,305 reviews","Glen Mills, PA (76 mi.)","72,137 mi."
2023 Toyota Sienna Platinum,"$99,950",Team Toyota of Glen Mills,CVT,Front-Wheel Drive,Hybrid,3.7,"1,305 reviews","Glen Mills, PA (76 mi.)",16 mi.
2016 Toyota Prius c One,"$13,755",Star Auto Mall,CVT,Front-Wheel Drive,Hybrid,N/A,N/A,"Bethlehem, PA (120 mi.)","80,093 mi."
2023 Chrysler Pacifica Hybrid Touring L,"$42,400",MotorWorld Pre-Owned,CVT,Front-Wheel Drive,Hybrid,N/A,N/A,"Wilkes-Barre, PA (147 mi.)","6,962 mi."
2013 Lexus ES 300h Base,"$19,991",W & L Subaru,CVT,Front-Wheel Drive,Hybrid,N/A,N/A,"Northumberland, PA (116 mi.)","80,419 mi."
2016 Ford C-Max Hybrid SE,"$11,799",CarVision of Trooper,CVT,Front-Wheel Drive,Hybrid,N/A,N/A,"Trooper, PA (93 mi.)","68,707 mi."
2016 Toyota Prius c One,"$14,933",Star Auto Mall,CVT,Front-Wheel Drive,Hybrid,N/A,N/A,"Bethlehem, PA (120 mi.)","57,534 mi."
2019 Honda Insight EX,"$21,467",Conicelli Autoplex,CVT,Front-Wheel Drive,Hybrid,N/A,N/A,"Conshohocken, PA (95 mi.)","30,482 mi."
2020 Honda Insight EX,"$21,800",Casey Subaru,CVT,Front-Wheel Drive,Hybrid,N/A,N/A,"Newport News, VA (150 mi.)","43,345 mi."
2021 Lexus ES 300h 300H,"$29,595",Sands Chrysler Jeep Dodge RAM,CVT,Front-Wheel Drive,Hybrid,N/A,N/A,"Quakertown, PA (110 mi.)","37,346 mi."
2010 Lexus HS 250h 250H,"$7,995",Thompson Lexus Doylestown,CVT,Front-Wheel Drive,Hybrid,N/A,N/A,"Doylestown, PA (112 mi.)","149,814 mi."
2022 Toyota Camry Hybrid Nightshade,"$20,995",Ciocca Subaru of Allentown,CVT,Front-Wheel Drive,Hybrid,N/A,N/A,"Allentown, PA (110 mi.)","79,343 mi."
2016 Toyota Prius c One,"$13,755",Star Auto Mall,CVT,Front-Wheel Drive,Hybrid,N/A,N/A,"Bethlehem, PA (120 mi.)","80,093 mi."
2023 Chrysler Pacifica Hybrid Touring L,"$42,400",MotorWorld Pre-Owned,CVT,Front-Wheel Drive,Hybrid,N/A,N/A,"Wilkes-Barre, PA (147 mi.)","6,962 mi."
2013 Lexus ES 300h Base,"$19,991",W & L Subaru,CVT,Front-Wheel Drive,Hybrid,N/A,N/A,"Northumberland, PA (116 mi.)","80,419 mi."
2016 Ford C-Max Hybrid SE,"$11,799",CarVision of Trooper,CVT,Front-Wheel Drive,Hybrid,N/A,N/A,"Trooper, PA (93 mi.)","68,707 mi."
2016 Toyota Prius c One,"$14,933",Star Auto Mall,CVT,Front-Wheel Drive,Hybrid,N/A,N/A,"Bethlehem, PA (120 mi.)","57,534 mi."
2019 Honda Insight EX,"$21,467",Conicelli Autoplex,CVT,Front-Wheel Drive,Hybrid,N/A,N/A,"Conshohocken, PA (95 mi.)","30,482 mi."
2020 Honda Insight EX,"$21,800",Casey Subaru,CVT,Front-Wheel Drive,Hybrid,N/A,N/A,"Newport News, VA (150 mi.)","43,345 mi."
2021 Lexus ES 300h 300H,"$29,595",Sands Chrysler Jeep Dodge RAM,CVT,Front-Wheel Drive,Hybrid,N/A,N/A,"Quakertown, PA (110 mi.)","37,346 mi."
2010 Lexus HS 250h 250H,"$7,995",Thompson Lexus Doylestown,CVT,Front-Wheel Drive,Hybrid,N/A,N/A,"Doylestown, PA (112 mi.)","149,814 mi."
2022 Toyota Camry Hybrid Nightshade,"$20,995",Ciocca Subaru of Allentown,CVT,Front-Wheel Drive,Hybrid,N/A,N/A,"Allentown, PA (110 mi.)","79,343 mi."
2016 Toyota Prius c One,"$13,755",Star Auto Mall,CVT,Front-Wheel Drive,Hybrid,N/A,N/A,"Bethlehem, PA (120 mi.)","80,093 mi."
2023 Chrysler Pacifica Hybrid Touring L,"$42,400",MotorWorld Pre-Owned,CVT,Front-Wheel Drive,Hybrid,N/A,N/A,"Wilkes-Barre, PA (147 mi.)","6,962 mi."
2013 Lexus ES 300h Base,"$19,991",W & L Subaru,CVT,Front-Wheel Drive,Hybrid,N/A,N/A,"Northumberland, PA (116 mi.)","80,419 mi."
2016 Ford C-Max Hybrid SE,"$11,799",CarVision of Trooper,CVT,Front-Wheel Drive,Hybrid,N/A,N/A,"Trooper, PA (93 mi.)","68,707 mi."
2016 Toyota Prius c One,"$14,933",Star Auto Mall,CVT,Front-Wheel Drive,Hybrid,N/A,N/A,"Bethlehem, PA (120 mi.)","57,534 mi."
2019 Honda Insight EX,"$21,467",Conicelli Autoplex,CVT,Front-Wheel Drive,Hybrid,N/A,N/A,"Conshohocken, PA (95 mi.)","30,482 mi."
2020 Honda Insight EX,"$21,800",Casey Subaru,CVT,Front-Wheel Drive,Hybrid,N/A,N/A,"Newport News, VA (150 mi.)","43,345 mi."
2021 Lexus ES 300h 300H,"$29,595",Sands Chrysler Jeep Dodge RAM,CVT,Front-Wheel Drive,Hybrid,N/A,N/A,"Quakertown, PA (110 mi.)","37,346 mi."
2010 Lexus HS 250h 250H,"$7,995",Thompson Lexus Doylestown,CVT,Front-Wheel Drive,Hybrid,N/A,N/A,"Doylestown, PA (112 mi.)","149,814 mi."
2022 Toyota Camry Hybrid Nightshade,"$20,995",Ciocca Subaru of Allentown,CVT,Front-Wheel Drive,Hybrid,N/A,N/A,"Allentown, PA (110 mi.)","79,343 mi."
2016 Toyota Prius c One,"$13,755",Star Auto Mall,CVT,Front-Wheel Drive,Hybrid,N/A,N/A,"Bethlehem, PA (120 mi.)","80,093 mi."
2023 Chrysler Pacifica Hybrid Touring L,"$42,400",MotorWorld Pre-Owned,CVT,Front-Wheel Drive,Hybrid,N/A,N/A,"Wilkes-Barre, PA (147 mi.)","6,962 mi."
2013 Lexus ES 300h Base,"$19,991",W & L Subaru,CVT,Front-Wheel Drive,Hybrid,N/A,N/A,"Northumberland, PA (116 mi.)","80,419 mi."
2016 Ford C-Max Hybrid SE,"$11,799",CarVision of Trooper,CVT,Front-Wheel Drive,Hybrid,N/A,N/A,"Trooper, PA (93 mi.)","68,707 mi."
2016 Toyota Prius c One,"$14,933",Star Auto Mall,CVT,Front-Wheel Drive,Hybrid,N/A,N/A,"Bethlehem, PA (120 mi.)","57,534 mi."
2019 Honda Insight EX,"$21,467",Conicelli Autoplex,CVT,Front-Wheel Drive,Hybrid,N/A,N/A,"Conshohocken, PA (95 mi.)","30,482 mi."
2020 Honda Insight EX,"$21,800",Casey Subaru,CVT,Front-Wheel Drive,Hybrid,N/A,N/A,"Newport News, VA (150 mi.)","43,345 mi."
2021 Lexus ES 300h 300H,"$29,595",Sands Chrysler Jeep Dodge RAM,CVT,Front-Wheel Drive,Hybrid,N/A,N/A,"Quakertown, PA (110 mi.)","37,346 mi."
2010 Lexus HS 250h 250H,"$7,995",Thompson Lexus Doylestown,CVT,Front-Wheel Drive,Hybrid,N/A,N/A,"Doylestown, PA (112 mi.)","149,814 mi."
2022 Toyota Camry Hybrid Nightshade,"$20,995",Ciocca Subaru of Allentown,CVT,Front-Wheel Drive,Hybrid,N/A,N/A,"Allentown, PA (110 mi.)","79,343 mi."
2016 Toyota Prius c One,"$13,755",Star Auto Mall,CVT,Front-Wheel Drive,Hybrid,N/A,N/A,"Bethlehem, PA (120 mi.)","80,093 mi."
2023 Chrysler Pacifica Hybrid Touring L,"$42,400",MotorWorld Pre-Owned,CVT,Front-Wheel Drive,Hybrid,N/A,N/A,"Wilkes-Barre, PA (147 mi.)","6,962 mi."
2013 Lexus ES 300h Base,"$19,991",W & L Subaru,CVT,Front-Wheel Drive,Hybrid,N/A,N/A,"Northumberland, PA (116 mi.)","80,419 mi."
2016 Ford C-Max Hybrid SE,"$11,799",CarVision of Trooper,CVT,Front-Wheel Drive,Hybrid,N/A,N/A,"Trooper, PA (93 mi.)","68,707 mi."
2016 Toyota Prius c One,"$14,933",Star Auto Mall,CVT,Front-Wheel Drive,Hybrid,N/A,N/A,"Bethlehem, PA (120 mi.)","57,534 mi."
2019 Honda Insight EX,"$21,467",Conicelli Autoplex,CVT,Front-Wheel Drive,Hybrid,N/A,N/A,"Conshohocken, PA (95 mi.)","30,482 mi."
2020 Honda Insight EX,"$21,800",Casey Subaru,CVT,Front-Wheel Drive,Hybrid,N/A,N/A,"Newport News, VA (150 mi.)","43,345 mi."
2021 Lexus ES 300h 300H,"$29,595",Sands Chrysler Jeep Dodge RAM,CVT,Front-Wheel Drive,Hybrid,N/A,N/A,"Quakertown, PA (110 mi.)","37,346 mi."
2010 Lexus HS 250h 250H,"$7,995",Thompson Lexus Doylestown,CVT,Front-Wheel Drive,Hybrid,N/A,N/A,"Doylestown, PA (112 mi.)","149,814 mi."
2022 Toyota Camry Hybrid Nightshade,"$20,995",Ciocca Subaru of Allentown,CVT,Front-Wheel Drive,Hybrid,N/A,N/A,"Allentown, PA (110 mi.)","79,343 mi."
2016 Toyota Prius c One,"$13,755",Star Auto Mall,CVT,Front-Wheel Drive,Hybrid,N/A,N/A,"Bethlehem, PA (120 mi.)","80,093 mi."
2023 Chrysler Pacifica Hybrid Touring L,"$42,400",MotorWorld Pre-Owned,CVT,Front-Wheel Drive,Hybrid,N/A,N/A,"Wilkes-Barre, PA (147 mi.)","6,962 mi."
2013 Lexus ES 300h Base,"$19,991",W & L Subaru,CVT,Front-Wheel Drive,Hybrid,N/A,N/A,"Northumberland, PA (116 mi.)","80,419 mi."
2016 Ford C-Max Hybrid SE,"$11,799",CarVision of Trooper,CVT,Front-Wheel Drive,Hybrid,N/A,N/A,"Trooper, PA (93 mi.)","68,707 mi."
2016 Toyota Prius c One,"$14,933",Star Auto Mall,CVT,Front-Wheel Drive,Hybrid,N/A,N/A,"Bethlehem, PA (120 mi.)","57,534 mi."
2019 Honda Insight EX,"$21,467",Conicelli Autoplex,CVT,Front-Wheel Drive,Hybrid,N/A,N/A,"Conshohocken, PA (95 mi.)","30,482 mi."
2020 Honda Insight EX,"$21,800",Casey Subaru,CVT,Front-Wheel Drive,Hybrid,N/A,N/A,"Newport News, VA (150 mi.)","43,345 mi."
2021 Lexus ES 300h 300H,"$29,595",Sands Chrysler Jeep Dodge RAM,CVT,Front-Wheel Drive,Hybrid,N/A,N/A,"Quakertown, PA (110 mi.)","37,346 mi."
2010 Lexus HS 250h 250H,"$7,995",Thompson Lexus Doylestown,CVT,Front-Wheel Drive,Hybrid,N/A,N/A,"Doylestown, PA (112 mi.)","149,814 mi."
2022 Toyota Camry Hybrid Nightshade,"$20,995",Ciocca Subaru of Allentown,CVT,Front-Wheel Drive,Hybrid,N/A,N/A,"Allentown, PA (110 mi.)","79,343 mi."
2016 Toyota Prius c One,"$13,755",Star Auto Mall,CVT,Front-Wheel Drive,Hybrid,N/A,N/A,"Bethlehem, PA (120 mi.)","80,093 mi."
2023 Chrysler Pacifica Hybrid Touring L,"$42,400",MotorWorld Pre-Owned,CVT,Front-Wheel Drive,Hybrid,N/A,N/A,"Wilkes-Barre, PA (147 mi.)","6,962 mi."
2013 Lexus ES 300h Base,"$19,991",W & L Subaru,CVT,Front-Wheel Drive,Hybrid,N/A,N/A,"Northumberland, PA (116 mi.)","80,419 mi."
2016 Ford C-Max Hybrid SE,"$11,799",CarVision of Trooper,CVT,Front-Wheel Drive,Hybrid,N/A,N/A,"Trooper, PA (93 mi.)","68,707 mi."
2016 Toyota Prius c One,"$14,933",Star Auto Mall,CVT,Front-Wheel Drive,Hybrid,N/A,N/A,"Bethlehem, PA (120 mi.)","57,534 mi."
2019 Honda Insight EX,"$21,467",Conicelli Autoplex,CVT,Front-Wheel Drive,Hybrid,N/A,N/A,"Conshohocken, PA (95 mi.)","30,482 mi."
2020 Honda Insight EX,"$21,800",Casey Subaru,CVT,Front-Wheel Drive,Hybrid,N/A,N/A,"Newport News, VA (150 mi.)","43,345 mi."
2021 Lexus ES 300h 300H,"$29,595",Sands Chrysler Jeep Dodge RAM,CVT,Front-Wheel Drive,Hybrid,N/A,N/A,"Quakertown, PA (110 mi.)","37,346 mi."
2010 Lexus HS 250h 250H,"$7,995",Thompson Lexus Doylestown,CVT,Front-Wheel Drive,Hybrid,N/A,N/A,"Doylestown, PA (112 mi.)","149,814 mi."
2022 Toyota Camry Hybrid Nightshade,"$20,995",Ciocca Subaru of Allentown,CVT,Front-Wheel Drive,Hybrid,N/A,N/A,"Allentown, PA (110 mi.)","79,343 mi."
2016 Toyota Prius c One,"$13,755",Star Auto Mall,CVT,Front-Wheel Drive,Hybrid,N/A,N/A,"Bethlehem, PA (120 mi.)","80,093 mi."
2023 Chrysler Pacifica Hybrid Touring L,"$42,400",MotorWorld Pre-Owned,CVT,Front-Wheel Drive,Hybrid,N/A,N/A,"Wilkes-Barre, PA (147 mi.)","6,962 mi."
2013 Lexus ES 300h Base,"$19,991",W & L Subaru,CVT,Front-Wheel Drive,Hybrid,N/A,N/A,"Northumberland, PA (116 mi.)","80,419 mi."
2016 Ford C-Max Hybrid SE,"$11,799",CarVision of Trooper,CVT,Front-Wheel Drive,Hybrid,N/A,N/A,"Trooper, PA (93 mi.)","68,707 mi."
2016 Toyota Prius c One,"$14,933",Star Auto Mall,CVT,Front-Wheel Drive,Hybrid,N/A,N/A,"Bethlehem, PA (120 mi.)","57,534 mi."
2019 Honda Insight EX,"$21,467",Conicelli Autoplex,CVT,Front-Wheel Drive,Hybrid,N/A,N/A,"Conshohocken, PA (95 mi.)","30,482 mi."
2020 Honda Insight EX,"$21,800",Casey Subaru,CVT,Front-Wheel Drive,Hybrid,N/A,N/A,"Newport News, VA (150 mi.)","43,345 mi."
2021 Lexus ES 300h 300H,"$29,595",Sands Chrysler Jeep Dodge RAM,CVT,Front-Wheel Drive,Hybrid,N/A,N/A,"Quakertown, PA (110 mi.)","37,346 mi."
2010 Lexus HS 250h 250H,"$7,995",Thompson Lexus Doylestown,CVT,Front-Wheel Drive,Hybrid,N/A,N/A,"Doylestown, PA (112 mi.)","149,814 mi."
2022 Toyota Camry Hybrid Nightshade,"$20,995",Ciocca Subaru of Allentown,CVT,Front-Wheel Drive,Hybrid,N/A,N/A,"Allentown, PA (110 mi.)","79,343 mi."
2016 Toyota Prius c One,"$13,755",Star Auto Mall,CVT,Front-Wheel Drive,Hybrid,N/A,N/A,"Bethlehem, PA (120 mi.)","80,093 mi."
2023 Chrysler Pacifica Hybrid Touring L,"$42,400",MotorWorld Pre-Owned,CVT,Front-Wheel Drive,Hybrid,N/A,N/A,"Wilkes-Barre, PA (147 mi.)","6,962 mi."
2013 Lexus ES 300h Base,"$19,991",W & L Subaru,CVT,Front-Wheel Drive,Hybrid,N/A,N/A,"Northumberland, PA (116 mi.)","80,419 mi."
2016 Ford C-Max Hybrid SE,"$11,799",CarVision of Trooper,CVT,Front-Wheel Drive,Hybrid,N/A,N/A,"Trooper, PA (93 mi.)","68,707 mi."
2016 Toyota Prius c One,"$14,933",Star Auto Mall,CVT,Front-Wheel Drive,Hybrid,N/A,N/A,"Bethlehem, PA (120 mi.)","57,534 mi."
2019 Honda Insight EX,"$21,467",Conicelli Autoplex,CVT,Front-Wheel Drive,Hybrid,N/A,N/A,"Conshohocken, PA (95 mi.)","30,482 mi."
2020 Honda Insight EX,"$21,800",Casey Subaru,CVT,Front-Wheel Drive,Hybrid,N/A,N/A,"Newport News, VA (150 mi.)","43,345 mi."
2021 Lexus ES 300h 300H,"$29,595",Sands Chrysler Jeep Dodge RAM,CVT,Front-Wheel Drive,Hybrid,N/A,N/A,"Quakertown, PA (110 mi.)","37,346 mi."
2010 Lexus HS 250h 250H,"$7,995",Thompson Lexus Doylestown,CVT,Front-Wheel Drive,Hybrid,N/A,N/A,"Doylestown, PA (112 mi.)","149,814 mi."
2022 Toyota Camry Hybrid Nightshade,"$20,995",Ciocca Subaru of Allentown,CVT,Front-Wheel Drive,Hybrid,N/A,N/A,"Allentown, PA (110 mi.)","79,343 mi."
2016 Toyota Prius c One,"$13,755",Star Auto Mall,CVT,Front-Wheel Drive,Hybrid,N/A,N/A,"Bethlehem, PA (120 mi.)","80,093 mi."
2023 Chrysler Pacifica Hybrid Touring L,"$42,400",MotorWorld Pre-Owned,CVT,Front-Wheel Drive,Hybrid,N/A,N/A,"Wilkes-Barre, PA (147 mi.)","6,962 mi."
2013 Lexus ES 300h Base,"$19,991",W & L Subaru,CVT,Front-Wheel Drive,Hybrid,N/A,N/A,"Northumberland, PA (116 mi.)","80,419 mi."
2016 Ford C-Max Hybrid SE,"$11,799",CarVision of Trooper,CVT,Front-Wheel Drive,Hybrid,N/A,N/A,"Trooper, PA (93 mi.)","68,707 mi."
2016 Toyota Prius c One,"$14,933",Star Auto Mall,CVT,Front-Wheel Drive,Hybrid,N/A,N/A,"Bethlehem, PA (120 mi.)","57,534 mi."
2019 Honda Insight EX,"$21,467",Conicelli Autoplex,CVT,Front-Wheel Drive,Hybrid,N/A,N/A,"Conshohocken, PA (95 mi.)","30,482 mi."
2020 Honda Insight EX,"$21,800",Casey Subaru,CVT,Front-Wheel Drive,Hybrid,N/A,N/A,"Newport News, VA (150 mi.)","43,345 mi."
2021 Lexus ES 300h 300H,"$29,595",Sands Chrysler Jeep Dodge RAM,CVT,Front-Wheel Drive,Hybrid,N/A,N/A,"Quakertown, PA (110 mi.)","37,346 mi."
2010 Lexus HS 250h 250H,"$7,995",Thompson Lexus Doylestown,CVT,Front-Wheel Drive,Hybrid,N/A,N/A,"Doylestown, PA (112 mi.)","149,814 mi."
2022 Toyota Camry Hybrid Nightshade,"$20,995",Ciocca Subaru of Allentown,CVT,Front-Wheel Drive,Hybrid,N/A,N/A,"Allentown, PA (110 mi.)","79,343 mi."
2016 Toyota Prius c One,"$13,755",Star Auto Mall,CVT,Front-Wheel Drive,Hybrid,N/A,N/A,"Bethlehem, PA (120 mi.)","80,093 mi."
2023 Chrysler Pacifica Hybrid Touring L,"$42,400",MotorWorld Pre-Owned,CVT,Front-Wheel Drive,Hybrid,N/A,N/A,"Wilkes-Barre, PA (147 mi.)","6,962 mi."
2013 Lexus ES 300h Base,"$19,991",W & L Subaru,CVT,Front-Wheel Drive,Hybrid,N/A,N/A,"Northumberland, PA (116 mi.)","80,419 mi."
2016 Ford C-Max Hybrid SE,"$11,799",CarVision of Trooper,CVT,Front-Wheel Drive,Hybrid,N/A,N/A,"Trooper, PA (93 mi.)","68,707 mi."
2016 Toyota Prius c One,"$14,933",Star Auto Mall,CVT,Front-Wheel Drive,Hybrid,N/A,N/A,"Bethlehem, PA (120 mi.)","57,534 mi."
2019 Honda Insight EX,"$21,467",Conicelli Autoplex,CVT,Front-Wheel Drive,Hybrid,N/A,N/A,"Conshohocken, PA (95 mi.)","30,482 mi."
2020 Honda Insight EX,"$21,800",Casey Subaru,CVT,Front-Wheel Drive,Hybrid,N/A,N/A,"Newport News, VA (150 mi.)","43,345 mi."
2021 Lexus ES 300h 300H,"$29,595",Sands Chrysler Jeep Dodge RAM,CVT,Front-Wheel Drive,Hybrid,N/A,N/A,"Quakertown, PA (110 mi.)","37,346 mi."
2010 Lexus HS 250h 250H,"$7,995",Thompson Lexus Doylestown,CVT,Front-Wheel Drive,Hybrid,N/A,N/A,"Doylestown, PA (112 mi.)","149,814 mi."
2022 Toyota Camry Hybrid Nightshade,"$20,995",Ciocca Subaru of Allentown,CVT,Front-Wheel Drive,Hybrid,N/A,N/A,"Allentown, PA (110 mi.)","79,343 mi."
2016 Toyota Prius c One,"$13,755",Star Auto Mall,CVT,Front-Wheel Drive,Hybrid,N/A,N/A,"Bethlehem, PA (120 mi.)","80,093 mi."
2023 Chrysler Pacifica Hybrid Touring L,"$42,400",MotorWorld Pre-Owned,CVT,Front-Wheel Drive,Hybrid,N/A,N/A,"Wilkes-Barre, PA (147 mi.)","6,962 mi."
2013 Lexus ES 300h Base,"$19,991",W & L Subaru,CVT,Front-Wheel Drive,Hybrid,N/A,N/A,"Northumberland, PA (116 mi.)","80,419 mi."
2016 Ford C-Max Hybrid SE,"$11,799",CarVision of Trooper,CVT,Front-Wheel Drive,Hybrid,N/A,N/A,"Trooper, PA (93 mi.)","68,707 mi."
2016 Toyota Prius c One,"$14,933",Star Auto Mall,CVT,Front-Wheel Drive,Hybrid,N/A,N/A,"Bethlehem, PA (120 mi.)","57,534 mi."
2019 Honda Insight EX,"$21,467",Conicelli Autoplex,CVT,Front-Wheel Drive,Hybrid,N/A,N/A,"Conshohocken, PA (95 mi.)","30,482 mi."
2020 Honda Insight EX,"$21,800",Casey Subaru,CVT,Front-Wheel Drive,Hybrid,N/A,N/A,"Newport News, VA (150 mi.)","43,345 mi."
2021 Lexus ES 300h 300H,"$29,595",Sands Chrysler Jeep Dodge RAM,CVT,Front-Wheel Drive,Hybrid,N/A,N/A,"Quakertown, PA (110 mi.)","37,346 mi."
2010 Lexus HS 250h 250H,"$7,995",Thompson Lexus Doylestown,CVT,Front-Wheel Drive,Hybrid,N/A,N/A,"Doylestown, PA (112 mi.)","149,814 mi."
2022 Toyota Camry Hybrid Nightshade,"$20,995",Ciocca Subaru of Allentown,CVT,Front-Wheel Drive,Hybrid,N/A,N/A,"Allentown, PA (110 mi.)","79,343 mi."
2016 Toyota Prius c One,"$13,755",Star Auto Mall,CVT,Front-Wheel Drive,Hybrid,N/A,N/A,"Bethlehem, PA (120 mi.)","80,093 mi."
2023 Chrysler Pacifica Hybrid Touring L,"$42,400",MotorWorld Pre-Owned,CVT,Front-Wheel Drive,Hybrid,N/A,N/A,"Wilkes-Barre, PA (147 mi.)","6,962 mi."
2013 Lexus ES 300h Base,"$19,991",W & L Subaru,CVT,Front-Wheel Drive,Hybrid,N/A,N/A,"Northumberland, PA (116 mi.)","80,419 mi."
2016 Ford C-Max Hybrid SE,"$11,799",CarVision of Trooper,CVT,Front-Wheel Drive,Hybrid,N/A,N/A,"Trooper, PA (93 mi.)","68,707 mi."
2016 Toyota Prius c One,"$14,933",Star Auto Mall,CVT,Front-Wheel Drive,Hybrid,N/A,N/A,"Bethlehem, PA (120 mi.)","57,534 mi."
2019 Honda Insight EX,"$21,467",Conicelli Autoplex,CVT,Front-Wheel Drive,Hybrid,N/A,N/A,"Conshohocken, PA (95 mi.)","30,482 mi."
2020 Honda Insight EX,"$21,800",Casey Subaru,CVT,Front-Wheel Drive,Hybrid,N/A,N/A,"Newport News, VA (150 mi.)","43,345 mi."
2021 Lexus ES 300h 300H,"$29,595",Sands Chrysler Jeep Dodge RAM,CVT,Front-Wheel Drive,Hybrid,N/A,N/A,"Quakertown, PA (110 mi.)","37,346 mi."
2010 Lexus HS 250h 250H,"$7,995",Thompson Lexus Doylestown,CVT,Front-Wheel Drive,Hybrid,N/A,N/A,"Doylestown, PA (112 mi.)","149,814 mi."
2022 Toyota Camry Hybrid Nightshade,"$20,995",Ciocca Subaru of Allentown,CVT,Front-Wheel Drive,Hybrid,N/A,N/A,"Allentown, PA (110 mi.)","79,343 mi."
2016 Toyota Prius c One,"$13,755",Star Auto Mall,CVT,Front-Wheel Drive,Hybrid,N/A,N/A,"Bethlehem, PA (120 mi.)","80,093 mi."
2023 Chrysler Pacifica Hybrid Touring L,"$42,400",MotorWorld Pre-Owned,CVT,Front-Wheel Drive,Hybrid,N/A,N/A,"Wilkes-Barre, PA (147 mi.)","6,962 mi."
2013 Lexus ES 300h Base,"$19,991",W & L Subaru,CVT,Front-Wheel Drive,Hybrid,N/A,N/A,"Northumberland, PA (116 mi.)","80,419 mi."
2016 Ford C-Max Hybrid SE,"$11,799",CarVision of Trooper,CVT,Front-Wheel Drive,Hybrid,N/A,N/A,"Trooper, PA (93 mi.)","68,707 mi."
2016 Toyota Prius c One,"$14,933",Star Auto Mall,CVT,Front-Wheel Drive,Hybrid,N/A,N/A,"Bethlehem, PA (120 mi.)","57,534 mi."
2019 Honda Insight EX,"$21,467",Conicelli Autoplex,CVT,Front-Wheel Drive,Hybrid,N/A,N/A,"Conshohocken, PA (95 mi.)","30,482 mi."
2020 Honda Insight EX,"$21,800",Casey Subaru,CVT,Front-Wheel Drive,Hybrid,N/A,N/A,"Newport News, VA (150 mi.)","43,345 mi."
2021 Lexus ES 300h 300H,"$29,595",Sands Chrysler Jeep Dodge RAM,CVT,Front-Wheel Drive,Hybrid,N/A,N/A,"Quakertown, PA (110 mi.)","37,346 mi."
2010 Lexus HS 250h 250H,"$7,995",Thompson Lexus Doylestown,CVT,Front-Wheel Drive,Hybrid,N/A,N/A,"Doylestown, PA (112 mi.)","149,814 mi."
2022 Toyota Camry Hybrid Nightshade,"$20,995",Ciocca Subaru of Allentown,CVT,Front-Wheel Drive,Hybrid,N/A,N/A,"Allentown, PA (110 mi.)","79,343 mi."
2016 Toyota Prius c One,"$13,755",Star Auto Mall,CVT,Front-Wheel Drive,Hybrid,N/A,N/A,"Bethlehem, PA (120 mi.)","80,093 mi."
2023 Chrysler Pacifica Hybrid Touring L,"$42,400",MotorWorld Pre-Owned,CVT,Front-Wheel Drive,Hybrid,N/A,N/A,"Wilkes-Barre, PA (147 mi.)","6,962 mi."
2013 Lexus ES 300h Base,"$19,991",W & L Subaru,CVT,Front-Wheel Drive,Hybrid,N/A,N/A,"Northumberland, PA (116 mi.)","80,419 mi."
2016 Ford C-Max Hybrid SE,"$11,799",CarVision of Trooper,CVT,Front-Wheel Drive,Hybrid,N/A,N/A,"Trooper, PA (93 mi.)","68,707 mi."
2016 Toyota Prius c One,"$14,933",Star Auto Mall,CVT,Front-Wheel Drive,Hybrid,N/A,N/A,"Bethlehem, PA (120 mi.)","57,534 mi."
2019 Honda Insight EX,"$21,467",Conicelli Autoplex,CVT,Front-Wheel Drive,Hybrid,N/A,N/A,"Conshohocken, PA (95 mi.)","30,482 mi."
2020 Honda Insight EX,"$21,800",Casey Subaru,CVT,Front-Wheel Drive,Hybrid,N/A,N/A,"Newport News, VA (150 mi.)","43,345 mi."
2021 Lexus ES 300h 300H,"$29,595",Sands Chrysler Jeep Dodge RAM,CVT,Front-Wheel Drive,Hybrid,N/A,N/A,"Quakertown, PA (110 mi.)","37,346 mi."
2010 Lexus HS 250h 250H,"$7,995",Thompson Lexus Doylestown,CVT,Front-Wheel Drive,Hybrid,N/A,N/A,"Doylestown, PA (112 mi.)","149,814 mi."
2022 Toyota Camry Hybrid Nightshade,"$20,995",Ciocca Subaru of Allentown,CVT,Front-Wheel Drive,Hybrid,N/A,N/A,"Allentown, PA (110 mi.)","79,343 mi."
2016 Toyota Prius c One,"$13,755",Star Auto Mall,CVT,Front-Wheel Drive,Hybrid,N/A,N/A,"Bethlehem, PA (120 mi.)","80,093 mi."
2023 Chrysler Pacifica Hybrid Touring L,"$42,400",MotorWorld Pre-Owned,CVT,Front-Wheel Drive,Hybrid,N/A,N/A,"Wilkes-Barre, PA (147 mi.)","6,962 mi."
2013 Lexus ES 300h Base,"$19,991",W & L Subaru,CVT,Front-Wheel Drive,Hybrid,N/A,N/A,"Northumberland, PA (116 mi.)","80,419 mi."
2016 Ford C-Max Hybrid SE,"$11,799",CarVision of Trooper,CVT,Front-Wheel Drive,Hybrid,N/A,N/A,"Trooper, PA (93 mi.)","68,707 mi."
2016 Toyota Prius c One,"$14,933",Star Auto Mall,CVT,Front-Wheel Drive,Hybrid,N/A,N/A,"Bethlehem, PA (120 mi.)","57,534 mi."
2019 Honda Insight EX,"$21,467",Conicelli Autoplex,CVT,Front-Wheel Drive,Hybrid,N/A,N/A,"Conshohocken, PA (95 mi.)","30,482 mi."
2020 Honda Insight EX,"$21,800",Casey Subaru,CVT,Front-Wheel Drive,Hybrid,N/A,N/A,"Newport News, VA (150 mi.)","43,345 mi."
2021 Lexus ES 300h 300H,"$29,595",Sands Chrysler Jeep Dodge RAM,CVT,Front-Wheel Drive,Hybrid,N/A,N/A,"Quakertown, PA (110 mi.)","37,346 mi."
2010 Lexus HS 250h 250H,"$7,995",Thompson Lexus Doylestown,CVT,Front-Wheel Drive,Hybrid,N/A,N/A,"Doylestown, PA (112 mi.)","149,814 mi."
2022 Toyota Camry Hybrid Nightshade,"$20,995",Ciocca Subaru of Allentown,CVT,Front-Wheel Drive,Hybrid,N/A,N/A,"Allentown, PA (110 mi.)","79,343 mi."
2016 Toyota Prius c One,"$13,755",Star Auto Mall,CVT,Front-Wheel Drive,Hybrid,N/A,N/A,"Bethlehem, PA (120 mi.)","80,093 mi."
2023 Chrysler Pacifica Hybrid Touring L,"$42,400",MotorWorld Pre-Owned,CVT,Front-Wheel Drive,Hybrid,N/A,N/A,"Wilkes-Barre, PA (147 mi.)","6,962 mi."
2013 Lexus ES 300h Base,"$19,991",W & L Subaru,CVT,Front-Wheel Drive,Hybrid,N/A,N/A,"Northumberland, PA (116 mi.)","80,419 mi."
2016 Ford C-Max Hybrid SE,"$11,799",CarVision of Trooper,CVT,Front-Wheel Drive,Hybrid,N/A,N/A,"Trooper, PA (93 mi.)","68,707 mi."
2016 Toyota Prius c One,"$14,933",Star Auto Mall,CVT,Front-Wheel Drive,Hybrid,N/A,N/A,"Bethlehem, PA (120 mi.)","57,534 mi."
2019 Honda Insight EX,"$21,467",Conicelli Autoplex,CVT,Front-Wheel Drive,Hybrid,N/A,N/A,"Conshohocken, PA (95 mi.)","30,482 mi."
2020 Honda Insight EX,"$21,800",Casey Subaru,CVT,Front-Wheel Drive,Hybrid,N/A,N/A,"Newport News, VA (150 mi.)","43,345 mi."
2021 Lexus ES 300h 300H,"$29,595",Sands Chrysler Jeep Dodge RAM,CVT,Front-Wheel Drive,Hybrid,N/A,N/A,"Quakertown, PA (110 mi.)","37,346 mi."
2010 Lexus HS 250h 250H,"$7,995",Thompson Lexus Doylestown,CVT,Front-Wheel Drive,Hybrid,N/A,N/A,"Doylestown, PA (112 mi.)","149,814 mi."
2022 Toyota Camry Hybrid Nightshade,"$20,995",Ciocca Subaru of Allentown,CVT,Front-Wheel Drive,Hybrid,N/A,N/A,"Allentown, PA (110 mi.)","79,343 mi."
2016 Toyota Prius c One,"$13,755",Star Auto Mall,CVT,Front-Wheel Drive,Hybrid,N/A,N/A,"Bethlehem, PA (120 mi.)","80,093 mi."
2023 Chrysler Pacifica Hybrid Touring L,"$42,400",MotorWorld Pre-Owned,CVT,Front-Wheel Drive,Hybrid,N/A,N/A,"Wilkes-Barre, PA (147 mi.)","6,962 mi."
2013 Lexus ES 300h Base,"$19,991",W & L Subaru,CVT,Front-Wheel Drive,Hybrid,N/A,N/A,"Northumberland, PA (116 mi.)","80,419 mi."
2016 Ford C-Max Hybrid SE,"$11,799",CarVision of Trooper,CVT,Front-Wheel Drive,Hybrid,N/A,N/A,"Trooper, PA (93 mi.)","68,707 mi."
2016 Toyota Prius c One,"$14,933",Star Auto Mall,CVT,Front-Wheel Drive,Hybrid,N/A,N/A,"Bethlehem, PA (120 mi.)","57,534 mi."
2019 Honda Insight EX,"$21,467",Conicelli Autoplex,CVT,Front-Wheel Drive,Hybrid,N/A,N/A,"Conshohocken, PA (95 mi.)","30,482 mi."
2020 Honda Insight EX,"$21,800",Casey Subaru,CVT,Front-Wheel Drive,Hybrid,N/A,N/A,"Newport News, VA (150 mi.)","43,345 mi."
2021 Lexus ES 300h 300H,"$29,595",Sands Chrysler Jeep Dodge RAM,CVT,Front-Wheel Drive,Hybrid,N/A,N/A,"Quakertown, PA (110 mi.)","37,346 mi."
2010 Lexus HS 250h 250H,"$7,995",Thompson Lexus Doylestown,CVT,Front-Wheel Drive,Hybrid,N/A,N/A,"Doylestown, PA (112 mi.)","149,814 mi."
2022 Toyota Camry Hybrid Nightshade,"$20,995",Ciocca Subaru of Allentown,CVT,Front-Wheel Drive,Hybrid,N/A,N/A,"Allentown, PA (110 mi.)","79,343 mi."
2016 Toyota Prius c One,"$13,755",Star Auto Mall,CVT,Front-Wheel Drive,Hybrid,N/A,N/A,"Bethlehem, PA (120 mi.)","80,093 mi."
2023 Chrysler Pacifica Hybrid Touring L,"$42,400",MotorWorld Pre-Owned,CVT,Front-Wheel Drive,Hybrid,N/A,N/A,"Wilkes-Barre, PA (147 mi.)","6,962 mi."
2013 Lexus ES 300h Base,"$19,991",W & L Subaru,CVT,Front-Wheel Drive,Hybrid,N/A,N/A,"Northumberland, PA (116 mi.)","80,419 mi."
2016 Ford C-Max Hybrid SE,"$11,799",CarVision of Trooper,CVT,Front-Wheel Drive,Hybrid,N/A,N/A,"Trooper, PA (93 mi.)","68,707 mi."
2016 Toyota Prius c One,"$14,933",Star Auto Mall,CVT,Front-Wheel Drive,Hybrid,N/A,N/A,"Bethlehem, PA (120 mi.)","57,534 mi."
2019 Honda Insight EX,"$21,467",Conicelli Autoplex,CVT,Front-Wheel Drive,Hybrid,N/A,N/A,"Conshohocken, PA (95 mi.)","30,482 mi."
2020 Honda Insight EX,"$21,800",Casey Subaru,CVT,Front-Wheel Drive,Hybrid,N/A,N/A,"Newport News, VA (150 mi.)","43,345 mi."
2021 Lexus ES 300h 300H,"$29,595",Sands Chrysler Jeep Dodge RAM,CVT,Front-Wheel Drive,Hybrid,N/A,N/A,"Quakertown, PA (110 mi.)","37,346 mi."
2010 Lexus HS 250h 250H,"$7,995",Thompson Lexus Doylestown,CVT,Front-Wheel Drive,Hybrid,N/A,N/A,"Doylestown, PA (112 mi.)","149,814 mi."
2022 Toyota Camry Hybrid Nightshade,"$20,995",Ciocca Subaru of Allentown,CVT,Front-Wheel Drive,Hybrid,N/A,N/A,"Allentown, PA (110 mi.)","79,343 mi."
